"Species","n_fresh","n_senesced","cn_fresh","cn_senesced","cn_combined","code","CNratio_feb21","code_traitSIV","CNratio_traitSIV","in_analysis","diff_combined_hist","diff_fresh_hist","status"
"Archidendron clypearia",2,2,19.15267176,28.401856965,23.7772643625,"ACL",23.7772643625,"ACL",23.77726436,TRUE,0,-4.6245926025,"MIXED fresh+senesced"
"Bhesa paniculata",2,2,25.980932205,26.1734442,26.0771882025,"BPA",26.0771882025,"BPA",26.0771882,TRUE,0,-0.0962559974999984,"MIXED fresh+senesced"
"Campnosperma squamatum",2,2,34.645522385,65.82142857,50.2334754775,"CSQ",50.2334754775,"CSQ",50.23347548,TRUE,0,-15.5879530925,"MIXED fresh+senesced"
"Gironniera nervosa",2,2,17.82716655,23.61569083,20.72142869,"GNE",20.72142869,"GNE",20.72142869,TRUE,0,-2.89426214,"MIXED fresh+senesced"
"Gluta wallichii",2,2,33.22933653,63.41888889,48.32411271,"GWA",48.32411271,"GWA",48.32411271,TRUE,0,-15.09477618,"MIXED fresh+senesced"
"Lithocarpus ewyckii",2,2,32.445078785,33.35039289,32.8977358375,"LEW",32.8977358375,"LEW",32.89773584,TRUE,0,-0.452657052500001,"MIXED fresh+senesced"
"Lophopetalum multinervium",2,2,24.258335525,38.260835095,31.25958531,"LMU",31.25958531,"LMU",31.25958531,TRUE,0,-7.001249785,"MIXED fresh+senesced"
"Madhuca tomentosa",2,5,28.23844239,41.371610834,37.6192769928571,"MTO",37.6192769928571,"MSP",37.61927699,TRUE,4.2632564145606e-14,-9.3808346028571,"MIXED fresh+senesced"
"Pometia pinnata",2,2,31.80631579,54.482704795,43.1445102925,"PPI",43.1445102925,"PPI",43.14451029,TRUE,0,-11.3381945025,"MIXED fresh+senesced"
"Prunus polystachya",2,2,26.836898395,42.811712185,34.82430529,"PPO",34.82430529,"PPO",34.82430529,TRUE,0,-7.987406895,"MIXED fresh+senesced"
"Rhodamnia cinerea",2,2,38.9375703,56.58364165,47.760605975,"RCI",47.760605975,"RCI",47.76060598,TRUE,0,-8.823035675,"MIXED fresh+senesced"
"Xanthophyllum flavescens",2,2,17.0322392,22.84210063,19.937169915,"XFL",19.937169915,"XFL",19.93716992,TRUE,0,-2.904930715,"MIXED fresh+senesced"
"Pentace triptera",0,2,NA,46.37354942,46.37354942,"PTR",46.37354942,"PTR",46.37354942,TRUE,0,NA,"SENESCED only"
"Aporosa falcifera",2,0,29.143333335,NA,29.143333335,"AFA",29.143333335,"AFA",29.14333334,TRUE,0,0,"fresh only"
"Aporosa frutescens",2,0,20.676469625,NA,20.676469625,"AFR",20.676469625,"AFR",20.67646963,TRUE,0,0,"fresh only"
"Calophyllum tetrapterum var. tetrapterum",2,0,49.83720091,NA,49.83720091,"CTE",49.83720091,"CTE",49.83720091,TRUE,0,0,"fresh only"
"Elaeocarpus mastersii",2,0,33.139649925,NA,33.139649925,"EMA",33.139649925,"EMA",33.13964993,TRUE,0,0,"fresh only"
"Gynotroches axillaris",2,0,29.169451565,NA,29.169451565,"GAX",29.169451565,"GAX",29.16945157,TRUE,3.5527136788005e-15,3.5527136788005e-15,"fresh only"
"Hevea brasiliensis",2,0,12.87183612,NA,12.87183612,"HBR",12.87183612,"HBR",12.87183612,TRUE,0,0,"fresh only"
"Knema malayana",2,0,24.68770032,NA,24.68770032,"KMA",24.68770032,"KMA",24.68770032,TRUE,-3.5527136788005e-15,-3.5527136788005e-15,"fresh only"
"Lindera lucida",2,0,25.60077051,NA,25.60077051,"LLU",25.60077051,"LLU",25.60077051,TRUE,0,0,"fresh only"
"Litsea firma",2,0,28.65178571,NA,28.65178571,"LFI",28.65178571,"LFI",28.65178571,TRUE,0,0,"fresh only"
"Mallotus paniculatus",2,0,16.176714515,NA,16.176714515,"MPA",16.176714515,"MPA",16.17671452,TRUE,0,0,"fresh only"
"Pternandra echinata",2,0,28.903591955,NA,28.903591955,"PEC",28.903591955,"PEC",28.90359196,TRUE,3.5527136788005e-15,3.5527136788005e-15,"fresh only"
"Timonius wallichianus",2,0,24.92279412,NA,24.92279412,"TWA",24.92279412,"TWA",24.92279412,TRUE,0,0,"fresh only"
"Adenanthera malayana",0,3,NA,23.6731201933333,23.6731201933333,"AMA",23.6731201933333,NA,NA,FALSE,3.19744231092045e-14,NA,"SENESCED only"
"Artocarpus kemando",0,2,NA,46.75268817,46.75268817,"AKE",46.75268817,NA,NA,FALSE,0,NA,"SENESCED only"
"Canarium pilosum",0,2,NA,39.78792643,39.78792643,"CPI",39.78792643,NA,NA,FALSE,0,NA,"SENESCED only"
"Diospyros maingayi",0,2,NA,59.73221457,59.73221457,"DMA",59.73221457,NA,NA,FALSE,0,NA,"SENESCED only"
"Maasia glauca",0,2,NA,45.217783395,45.217783395,"MGL",45.217783395,NA,NA,FALSE,0,NA,"SENESCED only"
"Alstonia pneumatophora",NA,NA,NA,NA,NA,"APN",NA,NA,NA,FALSE,NA,NA,"not in litter data / no C:N"
"Aporosa prainiana",NA,NA,NA,NA,NA,"APR",NA,NA,NA,FALSE,NA,NA,"not in litter data / no C:N"
"Bauhinia semibifida",0,2,NA,42.363294485,42.363294485,NA,NA,NA,NA,FALSE,NA,NA,"not in litter data / no C:N"
"Buchanania sessifolia",0,2,NA,50.456643865,50.456643865,NA,NA,NA,NA,FALSE,NA,NA,"not in litter data / no C:N"
"Calophyllum wallichianum var. incrassatum",2,0,37.2805789,NA,37.2805789,NA,NA,NA,NA,FALSE,NA,NA,"not in litter data / no C:N"
"Dalbergia pseudo-sissoo",0,2,NA,34.674478005,34.674478005,NA,NA,NA,NA,FALSE,NA,NA,"not in litter data / no C:N"
"Dysoxylum cauliflorum",0,2,NA,37.605650795,37.605650795,NA,NA,NA,NA,FALSE,NA,NA,"not in litter data / no C:N"
"Elaeocarpus stipularis",2,2,23.36352657,49.019468045,36.1914973075,NA,NA,NA,NA,FALSE,NA,NA,"not in litter data / no C:N"
"Fissistigma latifolium var. ovoideum",0,2,NA,36.641666665,36.641666665,NA,NA,NA,NA,FALSE,NA,NA,"not in litter data / no C:N"
"Grewia laevigata",0,2,NA,45.142490005,45.142490005,NA,NA,NA,NA,FALSE,NA,NA,"not in litter data / no C:N"
"Leuconotis griffithii",0,2,NA,48.548331105,48.548331105,NA,NA,NA,NA,FALSE,NA,NA,"not in litter data / no C:N"
"Nothaphoebe umbelliflora",0,2,NA,39.51668432,39.51668432,NA,NA,NA,NA,FALSE,NA,NA,"not in litter data / no C:N"
"Smilax setosa",0,3,NA,43.27123961,43.27123961,NA,NA,NA,NA,FALSE,NA,NA,"not in litter data / no C:N"
"Sterculia cordata",NA,NA,NA,NA,NA,"SCO",NA,NA,NA,FALSE,NA,NA,"not in litter data / no C:N"
"Sterculia macrophylla",NA,NA,NA,NA,NA,"SMA",NA,NA,NA,FALSE,NA,NA,"not in litter data / no C:N"
"Strychnos",0,2,NA,22.258938245,22.258938245,NA,NA,NA,NA,FALSE,NA,NA,"not in litter data / no C:N"
"U18",0,2,NA,50.11734694,50.11734694,NA,NA,NA,NA,FALSE,NA,NA,"not in litter data / no C:N"
"U19",0,2,NA,44.235802355,44.235802355,NA,NA,NA,NA,FALSE,NA,NA,"not in litter data / no C:N"
"U27",0,2,NA,40.866336635,40.866336635,NA,NA,NA,NA,FALSE,NA,NA,"not in litter data / no C:N"
"U7",0,2,NA,53.45886392,53.45886392,NA,NA,NA,NA,FALSE,NA,NA,"not in litter data / no C:N"
"Uncaria cordata",0,2,NA,52.48923077,52.48923077,NA,NA,NA,NA,FALSE,NA,NA,"not in litter data / no C:N"
