BH,SoW,scenario
vi,0.613,A
i,0.192,A
vii,0.09300000000000001,A
ii,0.078,A
ix,0.011,A
iv,0.007,A
v,0.003,A
iii,0.001,A
viii,0,A
vi,0.554,A24
vii,0.137,A24
i,0.174,A24
ii,0.07200000000000001,A24
ix,0.019,A24
iv,0.024,A24
v,0.013000000000000001,A24
iii,0.006,A24
viii,0.001,A24
vi,0.548,B1-ovr
vii,0.155,B1-ovr
i,0.145,B1-ovr
ii,0.08399999999999999,B1-ovr
ix,0.024,B1-ovr
iv,0.023,B1-ovr
v,0.012,B1-ovr
iii,0.005,B1-ovr
viii,0,B1-ovr
vi,0.537,B1
vii,0.16599999999999998,B1
i,0.134,B1
ii,0.089,B1
ix,0.026000000000000002,B1
iv,0.024999999999999998,B1
v,0.013000000000000001,B1
iii,0.006,B1
viii,0,B1
vi,0.541,B2
vii,0.163,B2
i,0.135,B2
ii,0.08499999999999999,B2
ix,0.027,B2
iv,0.024999999999999998,B2
v,0.014,B2
iii,0.006,B2
viii,0.001,B2
vi,0.497,B2-CTE
vii,0.16599999999999998,B2-CTE
i,0.137,B2-CTE
ii,0.078,B2-CTE
iv,0.049,B2-CTE
ix,0.03,B2-CTE
v,0.028,B2-CTE
iii,0.012,B2-CTE
viii,0.001,B2-CTE
