model,logba,plotwet,SLA,LT,LDMC,CNratio,iv.wet,PC1,PC2,df,logLik,AICc,delta,weight,R2adj
L8.2c,0.92 (±0.17),NA,NA,1.76 (±4.69),NA,NA,-1.30 (±1.55),NA,NA,9,-130.19992161974744,281.55773797633697,0,0.1978261150171933,0.36526548696652195
L8.3c,0.93 (±0.17),NA,NA,NA,1.13 (±3.85),NA,-1.03 (±1.50),NA,NA,9,-130.42628252602154,282.01045978888516,0.4527218125481909,0.15775252877888718,0.36435487524805193
L2,0.89 (±0.18),NA,NA,0.60 (±4.40),NA,NA,NA,NA,NA,8,-131.84202952585008,282.1668176723898,0.6090796960528451,0.14588936928253213,0.35925462541771114
L3,0.90 (±0.17),NA,NA,NA,1.49 (±3.73),NA,NA,NA,NA,8,-131.9338688107702,282.35049624223007,0.7927582658930987,0.1330878324894184,0.36057935753526665
L2t,0.91 (±0.18),-0.42 (±0.50),NA,2.19 (±4.74),NA,NA,NA,NA,NA,9,-131.26680815952116,283.6915110558844,2.1337730795474386,0.06806763873536342,0.3669284601975102
L7,0.93 (±0.17),NA,NA,NA,NA,NA,-1.07 (±1.46),NA,NA,8,-132.7252957456611,283.93335011201185,2.375612135674885,0.06031509294586056,0.3641480217417936
L3t,0.92 (±0.18),-0.31 (±0.47),NA,NA,0.92 (±3.83),NA,NA,NA,NA,9,-131.5621701760356,284.2822350889133,2.72449711257633,0.0506601639866497,0.3650758621410563
L0,0.90 (±0.17),NA,NA,NA,NA,NA,NA,NA,NA,7,-134.24203882945054,284.3823827436468,2.8246447673098487,0.04818588106609718,0.359249040623452
L8.1c,0.94 (±0.19),NA,0.12 (±1.08),NA,NA,NA,-0.97 (±1.64),NA,NA,9,-131.72956640681718,284.61702755047645,3.059289574139484,0.04285162857722605,0.363768088260947
L1,0.93 (±0.19),NA,0.33 (±0.98),NA,NA,NA,NA,NA,NA,8,-133.2963333563559,285.0754253334014,3.5176873570644602,0.03407434514429311,0.3603274525986127
L0t,0.92 (±0.18),-0.33 (±0.45),NA,NA,NA,NA,NA,NA,NA,8,-133.84390662772972,286.1705718761491,4.612833899812131,0.019706952415071706,0.36479346908656984
L1t,0.93 (±0.20),-0.32 (±0.49),0.07 (±1.04),NA,NA,NA,NA,NA,NA,9,-132.8894178317463,286.9367304003347,5.378992423997715,0.013435389402924646,0.3645790090657284
L8.5c,0.94 (±0.19),NA,NA,NA,NA,NA,-0.96 (±1.65),-0.04 (±0.28),NA,9,-133.08382540358795,287.325545544018,5.767807567681018,0.01106165534052911,0.36389600145811973
L8.6c,0.93 (±0.17),NA,NA,NA,NA,NA,-1.14 (±1.50),NA,-0.02 (±0.22),9,-133.32111093122649,287.80011659929505,6.2423786229580855,0.008725058093803802,0.36372692004853735
L8.4c,0.95 (±0.18),NA,NA,NA,NA,-0.02 (±0.05),-0.91 (±1.53),NA,NA,9,-134.72378615440664,290.60546704565536,9.047729069318393,0.0021458245909687446,0.36657904026050125
L4,0.93 (±0.18),NA,NA,NA,NA,-0.03 (±0.05),NA,NA,NA,8,-136.21288850239762,290.9085356254849,9.350797649147921,0.0018440967906936036,0.3636593157926848
L4t,0.95 (±0.18),-0.31 (±0.46),NA,NA,NA,-0.03 (±0.05),NA,NA,NA,9,-135.8420409566886,292.8419766502193,11.284238673882328,7.013621550172187e-4,0.36848691592315636
N3,NA,NA,NA,NA,4.05 (±3.72),NA,NA,NA,NA,7,-138.68874080175402,293.2757866882538,11.718048711916822,5.646010417248443e-4,0.19569423877675202
N8.3c,NA,NA,NA,NA,3.88 (±3.76),NA,0.49 (±1.39),NA,NA,8,-137.4070844483069,293.29692751730346,11.739189540966493,5.586644062980632e-4,0.1962172467470006
N8.2c,NA,NA,NA,1.74 (±4.45),NA,NA,0.49 (±1.47),NA,NA,8,-137.67886401566216,293.84048665201396,12.282748675676999,4.2571468953022876e-4,0.1844349135094368
N2,NA,NA,NA,2.10 (±4.21),NA,NA,NA,NA,NA,7,-139.01714029918807,293.9325856831219,12.37484770678492,4.0655526111498864e-4,0.1841255663397926
N8.1c,NA,NA,-1.73 (±1.09),NA,NA,NA,-0.37 (±1.57),NA,NA,8,-137.91830642687128,294.3193714744322,12.76163349809525,3.3506581251385655e-4,0.21287648471126125
N1,NA,NA,-1.63 (±0.97),NA,NA,NA,NA,NA,NA,7,-139.31298118446122,294.5242674536682,12.966529477331221,3.024388106532419e-4,0.21206408531897963
N1t,NA,-0.75 (±0.53),-2.03 (±1.02),NA,NA,NA,NA,NA,NA,8,-138.2212721128718,294.9253028464332,13.36756487009626,2.4748779849786804e-4,0.23215648005409578
N3t,NA,-0.41 (±0.52),NA,NA,4.12 (±3.67),NA,NA,NA,NA,8,-138.24975289129125,294.98226440327215,13.424526426935188,2.4053858262055707e-4,0.19943296909638403
N2t,NA,-0.48 (±0.54),NA,3.27 (±4.41),NA,NA,NA,NA,NA,8,-138.4071537650257,295.29706615074105,13.73932817440408,2.0550690403330814e-4,0.19198614746685555
N7,NA,NA,NA,NA,NA,NA,0.64 (±1.40),NA,NA,7,-140.15273335985404,296.2037718044538,14.646033828116856,1.3059837873413647e-4,0.18281308049824724
N0,NA,NA,NA,NA,NA,NA,NA,NA,NA,6,-141.47895502853868,296.35791005707733,14.800172080740367,1.2091135532246154e-4,0.1815883582464447
N0t,NA,-0.39 (±0.52),NA,NA,NA,NA,NA,NA,NA,7,-141.0533511429806,298.00500737070695,16.447269394369982,5.3064545895252415e-5,0.18448920274459246
N8.5c,NA,NA,NA,NA,NA,NA,-0.18 (±1.60),0.30 (±0.27),NA,8,-139.95218767608685,298.38713397286335,16.829395996526387,4.383557571247946e-5,0.19734507945368981
N8.6c,NA,NA,NA,NA,NA,NA,0.60 (±1.40),NA,0.13 (±0.21),8,-140.5918962795164,299.66655117972243,18.108813203385466,2.3120903347171902e-5,0.18822758381195295
N8.4c,NA,NA,NA,NA,NA,0.02 (±0.05),0.42 (±1.48),NA,NA,8,-142.20466372943707,302.8920860795638,21.33434810322683,4.6088098895444995e-6,0.18516910687178975
N4,NA,NA,NA,NA,NA,0.02 (±0.04),NA,NA,NA,7,-143.54417442229655,302.98665392933884,21.428915953001876,4.395959134098324e-6,0.18460143690018566
N4t,NA,-0.44 (±0.52),NA,NA,NA,0.03 (±0.05),NA,NA,NA,8,-143.06155165110326,304.60586192289617,23.0481239465592,1.956352448085637e-6,0.18960787819524139
