scenario,code,SLA,LDMC,LT,CNratio,PC1,PC2,PC3,PC4
A,ACL,145.28256707,0.489163015292,0.15604,23.7772643625,-1.169139762854893,1.286393845906617,0.3961707226363848,-0.19040388772496497
A,AFA,140.04671114,0.3662235886,0.2698,29.143333335,-0.37296413918106736,-0.9702469907357435,-0.28639098123770823,0.27518164896024155
A,AFR,189.283922708,0.309416181352,0.19264,20.676469625,-2.3873209528178245,-0.8510008936555783,-0.9740703787543682,-0.061712421680083396
A,BPA,81.673105512,0.380648793948,0.26464,26.0771882025,0.5581800251461086,-0.961923796196473,0.5784548188851397,-0.8212900865194483
A,CSQ,68.9808791185,0.412097684285,0.3273,50.2334754775,2.6163688427365956,-0.7406971075879666,-0.38191362872089296,0.20860784254555764
A,CTE,119.016636815,0.4812645166,0.21023333333333333,49.83720091,1.1043365482085519,1.223385734704672,-0.8773845423285838,0.3329676480432561
A,EMA,95.2717772832,0.512661045752,0.1894,33.139649925,0.5613475308978794,1.3034294268350577,0.595318130195618,-0.46218003094305965
A,GAX,112.5538759052,0.26751553868399996,0.37888,29.169451565000003,0.5725988607113366,-3.109826176317081,-0.2404322664409583,0.3156640250659126
A,GNE,138.22925058,0.4215450713933333,0.28026666666666666,20.72142869,-0.613869667606028,-0.7331278336540545,0.7349046512534143,0.4797743892824342
A,GWA,92.303333333,0.43825076814999997,0.27605,48.32411271,1.819960556095913,0.039937466281338374,-0.5281987764916362,0.23253252783273137
A,HBR,224.30726251,0.4414403872,0.13488333333333333,12.87183612,-3.517713013177093,0.9257171785571551,-0.11062330146767918,0.5689660256054856
A,KMA,113.52737851933333,0.422605517132,0.17284,24.687700319999998,-0.5790321519164836,0.41679352859766033,0.24575567117129385,-0.9459070875641039
A,LEW,115.403768666,0.5066581981333333,0.20593333333333333,32.8977358375,0.2547413836051333,1.1093762428824272,0.4414386450233836,0.030398419919865066
A,LFI,112.13684901719999,0.47380904976,0.30921333333333334,28.65178571,0.6284232227365727,-0.373950215292269,0.9788886472866384,0.7279971232497615
A,LLU,134.6294285085,0.36336119245,0.2772833333333333,25.60077051,-0.4314849738143009,-1.1693514433791061,0.014204260663219226,0.16535141208154136
A,LMU,86.1326550508,0.36767404113200003,0.28556,31.25958531,0.8620018162118074,-1.171541761165412,0.19167124420124046,-0.5025267089740821
A,MPA,164.54593026,0.46547375088,0.23022666666666666,16.176714515,-1.5642936205015383,0.15428818876944733,0.8668467836251469,0.6147970407965164
A,MTO,91.802886028,0.38355452385,0.3160833333333333,37.619276992857145,1.3382791515587351,-1.1633255504727051,-0.03308975295556421,0.11224837590218499
A,PEC,136.264521451,0.32163360440333333,0.221,28.903591955000003,-0.72207426548685,-0.9274106997770446,-0.7740357272808567,-0.5209101925587025
A,PPI,108.4710864755,0.53526652772,0.1621,43.1445102925,0.7639159231103025,2.0679836097580684,-0.1552262363984327,-0.17242894465788924
A,PPO,108.81509567399999,0.4607273122,0.2197777777777778,34.82430529,0.459977351454932,0.5471093670574719,0.10943222617294915,-0.16410106188921014
A,PTR,121.394598,0.5154417664,0.20379999999999998,46.37354942,0.9085906294877094,1.5492994070582258,-0.4538614248568462,0.430059252164652
A,RCI,100.12860913040001,0.5465677785440001,0.18864,47.760605975,1.3706400271654409,2.002724160680925,-0.176342684859079,0.08880280618632108
A,TWA,174.1714008322857,0.3708149733,0.15134285714285714,24.92279412,-1.9662586957712358,0.2476839336084036,-0.844510716957657,-0.3286031975985394
A,XFL,115.5348140508,0.396673185816,0.24684,19.937169915,-0.495210625999703,-0.7017196224640352,0.682994617635838,-0.4132849175263733
A24,ACL,145.28256707,0.489163015292,0.15604,23.7772643625,-1.2144531576088942,1.2765362703720085,-0.33519435391488356,0.1780563886584042
A24,AFA,140.04671114,0.3662235886,0.2698,29.143333335,-0.26959800943121326,-0.9416856424491141,0.2578578278378964,-0.2881448950603816
A24,AFR,189.283922708,0.309416181352,0.19264,20.676469625,-2.2637157080629917,-1.0027723896821064,0.9671845517606322,0.009090770786507829
A24,BPA,81.673105512,0.380648793948,0.26464,26.0771882025,0.6219810110014281,-0.8307433768338587,-0.5256711568199917,0.8470258917446318
A24,CSQ,68.9808791185,0.412097684285,0.3273,50.2334754775,2.690100291912956,-0.48607282113312456,0.382995780102381,-0.26177041492068426
A24,CTE,119.016636815,0.4812645166,0.21023333333333333,49.83720091,1.0875258951041962,1.3420050715555296,0.9198184170158088,-0.4502543756259947
A24,EMA,95.2717772832,0.512661045752,0.1894,33.139649925,0.4966353844104677,1.433722326734601,-0.5049048076166753,0.44435498914515953
A24,GAX,112.5538759052,0.26751553868399996,0.37888,29.169451565000003,0.7936015827547491,-3.005023931822404,0.15313688572903816,-0.28601333610688007
A24,GNE,138.22925058,0.4215450713933333,0.28026666666666666,20.72142869,-0.5477951236734575,-0.6857658746777289,-0.7805875150064256,-0.4179463114891839
A24,GWA,92.303333333,0.43825076814999997,0.27605,48.32411271,1.857311470387092,0.22732185998328117,0.5461195760096053,-0.30606778079556757
A24,HBR,224.30726251,0.4414403872,0.13488333333333333,12.87183612,-3.5070885697944085,0.7175037279594532,0.09458536615980884,-0.5780468064604115
A24,KMA,113.52737851933333,0.422605517132,0.17284,24.687700319999998,-0.5807711300106044,0.447106366489151,-0.148688685803269,0.9253258906067855
A24,LEW,115.403768666,0.5066581981333333,0.20593333333333333,32.8977358375,0.211977024180824,1.2109137910441823,-0.39398742874782416,-0.04522515280458929
A24,LFI,112.13684901719999,0.47380904976,0.30921333333333334,28.65178571,0.6620408258095207,-0.22232094319487056,-1.0273391530611173,-0.663874211828706
A24,LLU,134.6294285085,0.36336119245,0.2772833333333333,25.60077051,-0.32520057607542746,-1.134170173990019,-0.04268792340886396,-0.15296398767753583
A24,LMU,86.1326550508,0.36767404113200003,0.28556,31.25958531,0.9494122835680421,-1.0308084084471878,-0.16411820633131352,0.5064481753266538
A24,MPA,164.54593026,0.46547375088,0.23022666666666666,16.176714515,-1.546135742238543,0.13273289459370252,-0.9038062453195677,-0.5522852650277611
A24,MTO,91.802886028,0.38355452385,0.3160833333333333,37.619276992857145,1.4341822491653633,-0.9938657458551048,0.01939590101805927,-0.1203140763254078
A24,PEC,136.264521451,0.32163360440333333,0.221,28.903591955000003,-0.6138780430632294,-0.9440414519608317,0.8075173162465551,0.462790528371601
A24,PPI,108.4710864755,0.53526652772,0.1621,43.1445102925,0.6761987319241345,2.185865095826517,0.2523033996891625,0.08511621734337754
A24,PPO,108.81509567399999,0.4607273122,0.2197777777777778,34.82430529,0.4554956101999546,0.6526371248556644,-0.05993713734449957,0.13264894495889717
A24,RCI,100.12860913040001,0.5465677785440001,0.18864,47.760605975,1.2860985543508485,2.166679072695099,0.2557663599398611,-0.1779126604976553
A24,TWA,174.1714008322857,0.3708149733,0.15134285714285714,24.92279412,-1.9149955239582896,0.13192453879301524,0.8903571650140985,0.2534874503266437
A24,XFL,115.5348140508,0.396673185816,0.24684,19.937169915,-0.4389293308525164,-0.6476773808558578,-0.6601159331484773,0.4564740273520964
B1-ovr,ACL,145.28256707,0.489163015292,0.15604,19.15267176,-1.51937180684344,1.0175352359047989,0.6623380388036852,0.19549406208503733
B1-ovr,AFA,140.04671114,0.3662235886,0.2698,29.143333335,0.03829011525445267,-0.8216092279567967,-0.6039119615943077,-0.3114430888627404
B1-ovr,AFR,189.283922708,0.309416181352,0.19264,20.676469625,-2.090617247908313,-1.1657881127100804,-1.0335869609900084,0.14644305760403364
B1-ovr,BPA,81.673105512,0.380648793948,0.26464,25.980932205000002,0.8851726643387694,-0.67310809308033,0.39918866683895404,0.7062013556553952
B1-ovr,CSQ,68.9808791185,0.412097684285,0.3273,34.645522385,2.215249004776216,-0.5102478275979707,0.18789589137017493,-0.07547820746619749
B1-ovr,CTE,119.016636815,0.4812645166,0.21023333333333333,49.83720091,1.4811826572203672,1.8206333876611585,-1.7236660451702956,-0.48841358834631365
B1-ovr,EMA,95.2717772832,0.512661045752,0.1894,33.139649925,0.6455818572096679,1.6455582476946444,0.2035914675544508,0.2765115403934926
B1-ovr,GAX,112.5538759052,0.26751553868399996,0.37888,29.169451565000003,1.3114875550425502,-2.7647171182525843,-0.5659812247384048,-0.3358368799067553
B1-ovr,GNE,138.22925058,0.4215450713933333,0.28026666666666666,17.82716655,-0.5837492201724329,-0.8287250224415716,0.869392252593787,-0.4873607729136855
B1-ovr,GWA,92.303333333,0.43825076814999997,0.27605,33.22933653,1.3114529215964725,0.11712203547193639,0.04940408574733446,-0.08813679174647972
B1-ovr,HBR,224.30726251,0.4414403872,0.13488333333333333,12.87183612,-3.6239578349359483,0.31889277124410165,-0.020627165043572315,-0.5109058495965422
B1-ovr,KMA,113.52737851933333,0.422605517132,0.17284,24.687700319999998,-0.4663744038448543,0.4691726500337867,0.11153780745491541,0.8554976294332912
B1-ovr,LEW,115.403768666,0.5066581981333333,0.20593333333333333,32.445078785,0.34245244122208607,1.3758350520081604,0.07012217972469115,-0.17862139478692923
B1-ovr,LFI,112.13684901719999,0.47380904976,0.30921333333333334,28.65178571,0.9041790935398641,-0.037961696707890416,0.61942852142449,-0.8766919307328379
B1-ovr,LLU,134.6294285085,0.36336119245,0.2772833333333333,25.60077051,-0.048385536273256535,-1.0620804028944213,-0.2106578966104281,-0.20371911151968855
B1-ovr,LMU,86.1326550508,0.36767404113200003,0.28556,24.258335525,0.8331315652488315,-1.0738803514780941,0.49982134806987166,0.5362895697210442
B1-ovr,MPA,164.54593026,0.46547375088,0.23022666666666666,16.176714515,-1.5375654563987906,-0.04323277664498476,0.8445942202360495,-0.666052994614149
B1-ovr,MTO,91.802886028,0.38355452385,0.3160833333333333,28.23844239,1.243148810257128,-1.0174717059463636,0.2940366535399791,-0.04360321303113038
B1-ovr,PEC,136.264521451,0.32163360440333333,0.221,28.903591955000003,-0.31029831592515794,-0.8539324813052893,-1.0250825001414223,0.5162041665934809
B1-ovr,PPI,108.4710864755,0.53526652772,0.1621,31.80631579,0.11622900630815736,2.0431461970145097,0.23325025631726792,0.21586840433601892
B1-ovr,PPO,108.81509567399999,0.4607273122,0.2197777777777778,26.836898395,0.153222588742765,0.546766919411045,0.3987416937217143,0.19007739728771317
B1-ovr,RCI,100.12860913040001,0.5465677785440001,0.18864,38.9375703,0.9708869749796261,2.2452801833883766,-0.15589079228816194,-0.1243735178599947
B1-ovr,TWA,174.1714008322857,0.3708149733,0.15134285714285714,24.92279412,-1.7859154540423587,0.04124202411724953,-0.9995728309763287,0.3535391661269507
B1-ovr,XFL,115.5348140508,0.396673185816,0.24684,17.0322392,-0.485431979392398,-0.7884298869333936,0.8956342941555648,0.39851099214698515
B1,ACL,145.28256707,0.489163015292,0.15604,19.15267176,-1.51937180684344,1.0175352359047989,0.6623380388036852,0.19549406208503733
B1,AFA,140.04671114,0.3662235886,0.2698,29.143333335,0.03829011525445267,-0.8216092279567967,-0.6039119615943077,-0.3114430888627404
B1,AFR,189.283922708,0.309416181352,0.19264,20.676469625,-2.090617247908313,-1.1657881127100804,-1.0335869609900084,0.14644305760403364
B1,BPA,81.673105512,0.380648793948,0.26464,25.980932205000002,0.8851726643387694,-0.67310809308033,0.39918866683895404,0.7062013556553952
B1,CSQ,68.9808791185,0.412097684285,0.3273,34.645522385,2.215249004776216,-0.5102478275979707,0.18789589137017493,-0.07547820746619749
B1,CTE,119.016636815,0.4812645166,0.21023333333333333,49.83720091,1.4811826572203672,1.8206333876611585,-1.7236660451702956,-0.48841358834631365
B1,EMA,95.2717772832,0.512661045752,0.1894,33.139649925,0.6455818572096679,1.6455582476946444,0.2035914675544508,0.2765115403934926
B1,GAX,112.5538759052,0.26751553868399996,0.37888,29.169451565000003,1.3114875550425502,-2.7647171182525843,-0.5659812247384048,-0.3358368799067553
B1,GNE,138.22925058,0.4215450713933333,0.28026666666666666,17.82716655,-0.5837492201724329,-0.8287250224415716,0.869392252593787,-0.4873607729136855
B1,GWA,92.303333333,0.43825076814999997,0.27605,33.22933653,1.3114529215964725,0.11712203547193639,0.04940408574733446,-0.08813679174647972
B1,HBR,224.30726251,0.4414403872,0.13488333333333333,12.87183612,-3.6239578349359483,0.31889277124410165,-0.020627165043572315,-0.5109058495965422
B1,KMA,113.52737851933333,0.422605517132,0.17284,24.687700319999998,-0.4663744038448543,0.4691726500337867,0.11153780745491541,0.8554976294332912
B1,LEW,115.403768666,0.5066581981333333,0.20593333333333333,32.445078785,0.34245244122208607,1.3758350520081604,0.07012217972469115,-0.17862139478692923
B1,LFI,112.13684901719999,0.47380904976,0.30921333333333334,28.65178571,0.9041790935398641,-0.037961696707890416,0.61942852142449,-0.8766919307328379
B1,LLU,134.6294285085,0.36336119245,0.2772833333333333,25.60077051,-0.048385536273256535,-1.0620804028944213,-0.2106578966104281,-0.20371911151968855
B1,LMU,86.1326550508,0.36767404113200003,0.28556,24.258335525,0.8331315652488315,-1.0738803514780941,0.49982134806987166,0.5362895697210442
B1,MPA,164.54593026,0.46547375088,0.23022666666666666,16.176714515,-1.5375654563987906,-0.04323277664498476,0.8445942202360495,-0.666052994614149
B1,MTO,91.802886028,0.38355452385,0.3160833333333333,28.23844239,1.243148810257128,-1.0174717059463636,0.2940366535399791,-0.04360321303113038
B1,PEC,136.264521451,0.32163360440333333,0.221,28.903591955000003,-0.31029831592515794,-0.8539324813052893,-1.0250825001414223,0.5162041665934809
B1,PPI,108.4710864755,0.53526652772,0.1621,31.80631579,0.11622900630815736,2.0431461970145097,0.23325025631726792,0.21586840433601892
B1,PPO,108.81509567399999,0.4607273122,0.2197777777777778,26.836898395,0.153222588742765,0.546766919411045,0.3987416937217143,0.19007739728771317
B1,RCI,100.12860913040001,0.5465677785440001,0.18864,38.9375703,0.9708869749796261,2.2452801833883766,-0.15589079228816194,-0.1243735178599947
B1,TWA,174.1714008322857,0.3708149733,0.15134285714285714,24.92279412,-1.7859154540423587,0.04124202411724953,-0.9995728309763287,0.3535391661269507
B1,XFL,115.5348140508,0.396673185816,0.24684,17.0322392,-0.485431979392398,-0.7884298869333936,0.8956342941555648,0.39851099214698515
B2,ACL,145.28256707,0.489163015292,0.15604,19.15267176,-1.51937180684344,1.0175352359047989,0.6623380388036852,0.19549406208503733
B2,AFA,140.04671114,0.3662235886,0.2698,29.143333335,0.03829011525445267,-0.8216092279567967,-0.6039119615943077,-0.3114430888627404
B2,AFR,189.283922708,0.309416181352,0.19264,20.676469625,-2.090617247908313,-1.1657881127100804,-1.0335869609900084,0.14644305760403364
B2,BPA,81.673105512,0.380648793948,0.26464,25.980932205000002,0.8851726643387694,-0.67310809308033,0.39918866683895404,0.7062013556553952
B2,CSQ,68.9808791185,0.412097684285,0.3273,34.645522385,2.215249004776216,-0.5102478275979707,0.18789589137017493,-0.07547820746619749
B2,CTE,119.016636815,0.4812645166,0.21023333333333333,49.83720091,1.4811826572203672,1.8206333876611585,-1.7236660451702956,-0.48841358834631365
B2,EMA,95.2717772832,0.512661045752,0.1894,33.139649925,0.6455818572096679,1.6455582476946444,0.2035914675544508,0.2765115403934926
B2,GAX,112.5538759052,0.26751553868399996,0.37888,29.169451565000003,1.3114875550425502,-2.7647171182525843,-0.5659812247384048,-0.3358368799067553
B2,GNE,138.22925058,0.4215450713933333,0.28026666666666666,17.82716655,-0.5837492201724329,-0.8287250224415716,0.869392252593787,-0.4873607729136855
B2,GWA,92.303333333,0.43825076814999997,0.27605,33.22933653,1.3114529215964725,0.11712203547193639,0.04940408574733446,-0.08813679174647972
B2,HBR,224.30726251,0.4414403872,0.13488333333333333,12.87183612,-3.6239578349359483,0.31889277124410165,-0.020627165043572315,-0.5109058495965422
B2,KMA,113.52737851933333,0.422605517132,0.17284,24.687700319999998,-0.4663744038448543,0.4691726500337867,0.11153780745491541,0.8554976294332912
B2,LEW,115.403768666,0.5066581981333333,0.20593333333333333,32.445078785,0.34245244122208607,1.3758350520081604,0.07012217972469115,-0.17862139478692923
B2,LFI,112.13684901719999,0.47380904976,0.30921333333333334,28.65178571,0.9041790935398641,-0.037961696707890416,0.61942852142449,-0.8766919307328379
B2,LLU,134.6294285085,0.36336119245,0.2772833333333333,25.60077051,-0.048385536273256535,-1.0620804028944213,-0.2106578966104281,-0.20371911151968855
B2,LMU,86.1326550508,0.36767404113200003,0.28556,24.258335525,0.8331315652488315,-1.0738803514780941,0.49982134806987166,0.5362895697210442
B2,MPA,164.54593026,0.46547375088,0.23022666666666666,16.176714515,-1.5375654563987906,-0.04323277664498476,0.8445942202360495,-0.666052994614149
B2,MTO,91.802886028,0.38355452385,0.3160833333333333,28.23844239,1.243148810257128,-1.0174717059463636,0.2940366535399791,-0.04360321303113038
B2,PEC,136.264521451,0.32163360440333333,0.221,28.903591955000003,-0.31029831592515794,-0.8539324813052893,-1.0250825001414223,0.5162041665934809
B2,PPI,108.4710864755,0.53526652772,0.1621,31.80631579,0.11622900630815736,2.0431461970145097,0.23325025631726792,0.21586840433601892
B2,PPO,108.81509567399999,0.4607273122,0.2197777777777778,26.836898395,0.153222588742765,0.546766919411045,0.3987416937217143,0.19007739728771317
B2,RCI,100.12860913040001,0.5465677785440001,0.18864,38.9375703,0.9708869749796261,2.2452801833883766,-0.15589079228816194,-0.1243735178599947
B2,TWA,174.1714008322857,0.3708149733,0.15134285714285714,24.92279412,-1.7859154540423587,0.04124202411724953,-0.9995728309763287,0.3535391661269507
B2,XFL,115.5348140508,0.396673185816,0.24684,17.0322392,-0.485431979392398,-0.7884298869333936,0.8956342941555648,0.39851099214698515
B2-CTE,ACL,145.28256707,0.489163015292,0.15604,19.15267176,-1.5911862376585777,1.0336212707498758,-0.5557677379047659,0.2848844674310426
B2-CTE,AFA,140.04671114,0.3662235886,0.2698,29.143333335,0.19253363162570125,-0.7596466998036149,0.6050276434506543,-0.43530847005905315
B2-CTE,AFR,189.283922708,0.309416181352,0.19264,20.676469625,-2.0133142402779347,-1.2464163563790396,0.985593894837931,0.008452250593054378
B2-CTE,BPA,81.673105512,0.380648793948,0.26464,25.980932205000002,0.9195494233140249,-0.5352187582912921,-0.27687693568046273,0.7431000511633072
B2-CTE,CSQ,68.9808791185,0.412097684285,0.3273,34.645522385,2.3780614112458642,-0.2948956126131142,-0.07059629059055428,-0.1207763948504364
B2-CTE,EMA,95.2717772832,0.512661045752,0.1894,33.139649925,0.77569083323707,1.788076989842963,0.14656239024150397,0.15846850946795027
B2-CTE,GAX,112.5538759052,0.26751553868399996,0.37888,29.169451565000003,1.4724228541147306,-2.6445767172943957,0.3877342591456721,-0.38432066606284304
B2-CTE,GNE,138.22925058,0.4215450713933333,0.28026666666666666,17.82716655,-0.6720773557659937,-0.7695957308863528,-1.0588172627718409,-0.2663097479435645
B2-CTE,GWA,92.303333333,0.43825076814999997,0.27605,33.22933653,1.4637951907392195,0.28092343237308676,0.10824002477478001,-0.16865512635495206
B2-CTE,HBR,224.30726251,0.4414403872,0.13488333333333333,12.87183612,-3.715684079059381,0.18482149780495605,-0.11099390173348489,-0.44730490186315375
B2-CTE,KMA,113.52737851933333,0.422605517132,0.17284,24.687700319999998,-0.4341964210865478,0.5300649977753652,0.1278842487809012,0.8072944406638579
B2-CTE,LEW,115.403768666,0.5066581981333333,0.20593333333333333,32.445078785,0.47871805792798133,1.4943449556545598,0.1766462449491386,-0.29116099327873823
B2-CTE,LFI,112.13684901719999,0.47380904976,0.30921333333333334,28.65178571,0.9673695903843713,0.11345561740996005,-0.6677770931122846,-0.7946724947513861
B2-CTE,LLU,134.6294285085,0.36336119245,0.2772833333333333,25.60077051,0.03434546018805328,-0.9985682817593294,0.15820180532832584,-0.2280678426570895
B2-CTE,LMU,86.1326550508,0.36767404113200003,0.28556,24.258335525,0.8424266643526963,-0.9407523349139348,-0.4632664269694877,0.6226956630845129
B2-CTE,MPA,164.54593026,0.46547375088,0.23022666666666666,16.176714515,-1.646527286393646,-0.03431373646186542,-1.011122512160906,-0.4591828756537374
B2-CTE,MTO,91.802886028,0.38355452385,0.3160833333333333,28.23844239,1.321195722781403,-0.8635643832411989,-0.2950033968795378,-0.006352395096099875
B2-CTE,PEC,136.264521451,0.32163360440333333,0.221,28.903591955000003,-0.136534779050367,-0.8237028124144556,1.1618771046870995,0.296571533886835
B2-CTE,PPI,108.4710864755,0.53526652772,0.1621,31.80631579,0.22648056619910745,2.158416829410212,0.12661888228642576,0.10072792543056247
B2-CTE,PPO,108.81509567399999,0.4607273122,0.2197777777777778,26.836898395,0.1973157726893076,0.6530034414761335,-0.23966497299860517,0.1936915063053199
B2-CTE,RCI,100.12860913040001,0.5465677785440001,0.18864,38.9375703,1.1990296633466058,2.4052597281329815,0.5707122752575289,-0.3562782361172429
B2-CTE,TWA,174.1714008322857,0.3708149733,0.15134285714285714,24.92279412,-1.6658201580666872,-0.008000547595380915,1.1432397510674122,0.14131330897864508
B2-CTE,XFL,115.5348140508,0.396673185816,0.24684,17.0322392,-0.593594284787003,-0.7227367889761248,-0.9484519940054373,0.6011904876832118
