estimate,lwr,upr,R2,path,scenario
-0.2905325146315833,-0.41398261045326673,-0.16708241880989988,0.24102893530603578,SLA -> SIV,A
1.1954575313414462,0.43765305247067643,1.953262010212216,0.1248714517446529,LT -> SIV,A
-0.5569373866407941,-1.2302540736021546,0.11637930032056654,0.03774851902585187,LDMC -> SIV,A
0.008844779810739478,0.00436261742923251,0.013326942192246446,0.18252099461583804,CNratio -> SIV,A
0.0707351352228593,0.03867033399534042,0.10279993645037819,0.21815739729074168,PC1 -> SIV,A
-0.04167474524956782,-0.0809638280342862,-0.0023856624648494404,0.06060228068546443,PC2 -> SIV,A
-0.06777874843981047,-0.1497207466618022,0.01416324978218128,0.03774851902585186,SIV -> LDMC,A
-1.667622285301985,-4.372928182628499,1.0376836120245285,NA,SIV -> canopy,A
0.9320869501254392,0.6118462203600223,1.252327679890856,NA,BA -> canopy,A
-0.292613966172104,-0.4116566057018073,-0.1735713266424007,0.2631319204430483,SLA -> SIV,A24
1.113848043066692,0.36423587148548764,1.8634602146478962,0.11542786752834826,LT -> SIV,A24
-0.38819592111317536,-1.0761513409558858,0.2997594987295351,0.01847070177945556,LDMC -> SIV,A24
0.011868835851777462,0.007636141311897336,0.016101530391657588,0.3172705762188854,CNratio -> SIV,A24
0.079370498651055,0.04905675357846134,0.10968424372364866,0.2883425882033647,PC1 -> SIV,A24
-0.024839727613016907,-0.0654393450231,0.01575988979706619,0.021644387624720467,PC2 -> SIV,A24
-0.04758087546744351,-0.13190304213221274,0.03674129119732572,0.018470701779455583,SIV -> LDMC,A24
-1.2481480680962227,-4.075464623661913,1.5791684874694683,NA,SIV -> canopy,A24
0.9168054736548031,0.5777694334000965,1.2558415139095098,NA,BA -> canopy,A24
-0.292613966172104,-0.4116566057018073,-0.1735713266424007,0.2631319204430483,SLA -> SIV,B1-ovr
1.113848043066692,0.36423587148548764,1.8634602146478962,0.11542786752834826,LT -> SIV,B1-ovr
-0.38819592111317536,-1.0761513409558858,0.2997594987295351,0.01847070177945556,LDMC -> SIV,B1-ovr
0.012984359996019683,0.0058437000176798405,0.020125019974359525,0.16347208851433018,CNratio -> SIV,B1-ovr
0.07261650131669548,0.03984587425909061,0.10538712837430034,0.22492737802711926,PC1 -> SIV,B1-ovr
-0.024435583606290046,-0.0651197746063499,0.01624860739376981,0.020875211987118874,PC2 -> SIV,B1-ovr
-0.04758087546744351,-0.13190304213221274,0.03674129119732572,0.018470701779455583,SIV -> LDMC,B1-ovr
-1.2481480567192682,-4.075464613544594,1.5791685001060578,NA,SIV -> canopy,B1-ovr
0.9168054742040695,0.5777694330984513,1.2558415153096878,NA,BA -> canopy,B1-ovr
-0.292613966172104,-0.4116566057018073,-0.1735713266424007,0.2631319204430483,SLA -> SIV,B1
1.113848043066692,0.36423587148548764,1.8634602146478962,0.11542786752834826,LT -> SIV,B1
-0.38819592111317536,-1.0761513409558858,0.2997594987295351,0.01847070177945556,LDMC -> SIV,B1
0.00640981385990768,3.4440529053549225e-4,0.012475222429279868,0.061917115112372,CNratio -> SIV,B1
0.07261650131669548,0.03984587425909061,0.10538712837430034,0.22492737802711926,PC1 -> SIV,B1
-0.024435583606290046,-0.0651197746063499,0.01624860739376981,0.020875211987118874,PC2 -> SIV,B1
-0.04758087546744351,-0.13190304213221274,0.03674129119732572,0.018470701779455583,SIV -> LDMC,B1
-1.2481480567192682,-4.075464613544594,1.5791685001060578,NA,SIV -> canopy,B1
0.9168054742040695,0.5777694330984513,1.2558415153096878,NA,BA -> canopy,B1
-0.29261396617210417,-0.41075132534295467,-0.17447660700125367,0.26313192044304834,SLA -> SIV,B2
1.1138480430666935,0.36993642700383456,1.8577596591295524,0.11542786752834827,LT -> SIV,B2
-0.38819592111317597,-1.070919664879059,0.2945278226527072,0.0184707017794556,LDMC -> SIV,B2
0.006409813859907679,3.9053073993717494e-4,0.012429096979878183,0.061917115112372,CNratio -> SIV,B2
0.07261650131669557,0.04009508416521967,0.10513791846817147,0.2249273780271194,PC1 -> SIV,B2
-0.02443558360629005,-0.06481038463336479,0.01593921742078469,0.02087521198711888,PC2 -> SIV,B2
-0.04758087546744354,-0.13126179961945347,0.0361000486845664,0.018470701779455572,SIV -> LDMC,B2
-1.1858552204666808,-3.989928256676441,1.6182178157430795,NA,SIV -> canopy,B2
0.9236071704069178,0.5879822480813315,1.259232092732504,NA,BA -> canopy,B2
-0.29489342214167225,-0.41224844511399034,-0.17753839916935416,0.27176664730657385,SLA -> SIV,B2-CTE
1.084415220816622,0.33642087694043665,1.8324095646928074,0.11049480427017665,LT -> SIV,B2-CTE
-0.33302289838241855,-1.027208069223582,0.36116227245874505,0.013419271582137994,LDMC -> SIV,B2-CTE
0.013128405106755473,0.0060739041471459575,0.02018290606636499,0.16990882217473866,CNratio -> SIV,B2-CTE
0.07860790974910685,0.04771184778249749,0.10950397171571621,0.2767158222395836,PC1 -> SIV,B2-CTE
-0.012988192542131906,-0.055424086084234964,0.029447700999971155,0.005505943012712992,PC2 -> SIV,B2-CTE
-0.040295341993956,-0.12429085402044736,0.04370017003253536,0.013419271582138034,SIV -> LDMC,B2-CTE
-1.0688043911832588,-3.9309052746948505,1.793296492328333,NA,SIV -> canopy,B2-CTE
0.9250023814618725,0.5863096659610543,1.2636950969626908,NA,BA -> canopy,B2-CTE
