code,SLA,LDMC,LT,CNratio,PC1,PC2,PC3,PC4
ACL,145.28256707,0.489163015292,0.15604,23.7772643625,-1.169139762854893,1.286393845906617,0.3961707226363848,-0.19040388772496497
AFA,140.04671114,0.3662235886,0.2698,29.143333335,-0.37296413918106736,-0.9702469907357435,-0.28639098123770823,0.27518164896024155
AFR,189.283922708,0.309416181352,0.19264,20.676469625,-2.3873209528178245,-0.8510008936555783,-0.9740703787543682,-0.061712421680083396
BPA,81.673105512,0.380648793948,0.26464,26.0771882025,0.5581800251461086,-0.961923796196473,0.5784548188851397,-0.8212900865194483
CSQ,68.9808791185,0.412097684285,0.3273,50.2334754775,2.6163688427365956,-0.7406971075879666,-0.38191362872089296,0.20860784254555764
CTE,119.016636815,0.4812645166,0.21023333333333333,49.83720091,1.1043365482085519,1.223385734704672,-0.8773845423285838,0.3329676480432561
EMA,95.2717772832,0.512661045752,0.1894,33.139649925,0.5613475308978794,1.3034294268350577,0.595318130195618,-0.46218003094305965
GAX,112.5538759052,0.26751553868399996,0.37888,29.169451565000003,0.5725988607113366,-3.109826176317081,-0.2404322664409583,0.3156640250659126
GNE,138.22925058,0.4215450713933333,0.28026666666666666,20.72142869,-0.613869667606028,-0.7331278336540545,0.7349046512534143,0.4797743892824342
GWA,92.303333333,0.43825076814999997,0.27605,48.32411271,1.819960556095913,0.039937466281338374,-0.5281987764916362,0.23253252783273137
HBR,224.30726251,0.4414403872,0.13488333333333333,12.87183612,-3.517713013177093,0.9257171785571551,-0.11062330146767918,0.5689660256054856
KMA,113.52737851933333,0.422605517132,0.17284,24.687700319999998,-0.5790321519164836,0.41679352859766033,0.24575567117129385,-0.9459070875641039
LEW,115.403768666,0.5066581981333333,0.20593333333333333,32.8977358375,0.2547413836051333,1.1093762428824272,0.4414386450233836,0.030398419919865066
LFI,112.13684901719999,0.47380904976,0.30921333333333334,28.65178571,0.6284232227365727,-0.373950215292269,0.9788886472866384,0.7279971232497615
LLU,134.6294285085,0.36336119245,0.2772833333333333,25.60077051,-0.4314849738143009,-1.1693514433791061,0.014204260663219226,0.16535141208154136
LMU,86.1326550508,0.36767404113200003,0.28556,31.25958531,0.8620018162118074,-1.171541761165412,0.19167124420124046,-0.5025267089740821
MPA,164.54593026,0.46547375088,0.23022666666666666,16.176714515,-1.5642936205015383,0.15428818876944733,0.8668467836251469,0.6147970407965164
MTO,91.802886028,0.38355452385,0.3160833333333333,37.619276992857145,1.3382791515587351,-1.1633255504727051,-0.03308975295556421,0.11224837590218499
PEC,136.264521451,0.32163360440333333,0.221,28.903591955000003,-0.72207426548685,-0.9274106997770446,-0.7740357272808567,-0.5209101925587025
PPI,108.4710864755,0.53526652772,0.1621,43.1445102925,0.7639159231103025,2.0679836097580684,-0.1552262363984327,-0.17242894465788924
PPO,108.81509567399999,0.4607273122,0.2197777777777778,34.82430529,0.459977351454932,0.5471093670574719,0.10943222617294915,-0.16410106188921014
PTR,121.394598,0.5154417664,0.20379999999999998,46.37354942,0.9085906294877094,1.5492994070582258,-0.4538614248568462,0.430059252164652
RCI,100.12860913040001,0.5465677785440001,0.18864,47.760605975,1.3706400271654409,2.002724160680925,-0.176342684859079,0.08880280618632108
TWA,174.1714008322857,0.3708149733,0.15134285714285714,24.92279412,-1.9662586957712358,0.2476839336084036,-0.844510716957657,-0.3286031975985394
XFL,115.5348140508,0.396673185816,0.24684,19.937169915,-0.495210625999703,-0.7017196224640352,0.682994617635838,-0.4132849175263733
