plot,species,litter.collection,ten.ba,duration,litter.production,code,SSI,iv.wet,CNratio
Q1,Aporosa frutescens,77.35295084,58.119464091411174,343,20.578591149125366,AFR,0.282955305,0.162521153,20.676469625
Q1,Archidendron clypearia,0.22999999999999998,72.38229473870884,336,0.06246279761904761,ACL,0.243420319,0.144725378,23.7772643625
Q1,Bhesa paniculata,457.078961297,3776.453551008852,348,119.85188281135416,BPA,0.338168303,0.105381227,26.0771882025
Q1,Canarium pilosum,110.583288322,232.35219265950107,348,28.996336377535922,CPI,0.068574596,0.002973883,39.78792643
Q1,Elaeocarpus mastersii,0.23,145.267244301992,321,0.0653816199376947,EMA,0.365919055,0.292976771,33.139649925
Q1,Gironniera nervosa,171.777246865,78.53981633974483,367,42.710282769567435,GNE,0.058636949,0.064236409,20.72142869
Q1,Hevea brasiliensis,13.780112359,111.22023391871267,127,9.901064982352363,HBR,0,0,12.87183612
Q1,Prunus polystachya,852.510961535,1606.021434423272,343,226.7977412246902,PPO,0.15096458200000001,0.051487879,34.82430529
Q1,Pternandra echinata,32.261677811,777.8583410288328,328,8.975238110529725,PEC,0.027229513,0.043831105,28.903591955000003
Q1,Timonius wallichianus,68.999926457,340.76070115325086,287,21.93812992753049,TWA,0.081529089,0.118450568,24.92279412
Q1,Xanthophyllum flavescens,269.233942841,998.8536762456067,348,70.59654392023347,XFL,0.543989977,0.212589875,19.937169915
Q10,Alstonia pneumatophora,135.083678456,1385.4423602330987,279,44.1805937602509,APN,1,0.047619048,NA
Q10,Aporosa frutescens,8.658048228,24.630086404143974,343,2.3033437341253644,AFR,0.282955305,0.162521153,20.676469625
Q10,Bhesa paniculata,23.22,248.84555409084754,348,6.088577586206896,BPA,0.338168303,0.105381227,26.0771882025
Q10,Campnosperma squamatum,799.77101998,3831.729873748765,368,198.3127868836277,CSQ,0.905500527,0.554813924,50.2334754775
Q10,Elaeocarpus mastersii,95.018607384,871.5327799772465,321,27.010741195607476,EMA,0.365919055,0.292976771,33.139649925
Q10,Gironniera nervosa,2.43,114.66813185602746,367,0.6041893732970027,GNE,0.058636949,0.064236409,20.72142869
Q10,Gynotroches axillaris,39.163514953,1507.7681241822513,182,19.63555351352335,GAX,0.52073344,0.282280987,29.169451565000003
Q10,Madhuca tomentosa,4.35,162.8601631620949,351,1.1308760683760681,MTO,1,0.285714286,37.619276992857145
Q10,Timonius wallichianus,6.24815534,70.90574619152164,287,1.9865650689024392,TWA,0.081529089,0.118450568,24.92279412
Q10,Xanthophyllum flavescens,13.518402028,88.16094384136358,348,3.5446959340660924,XFL,0.543989977,0.212589875,19.937169915
Q107,Adenanthera malayana,342.876319572,2951.282824616957,346,90.42619699695086,AMA,0,0,23.673120193333332
Q107,Aporosa frutescens,0.16,188.14998402349272,343,0.04256559766763848,AFR,0.282955305,0.162521153,20.676469625
Q107,Aporosa prainiana,120.689457903,247.25119581915067,277,39.75780878573556,APR,0,0,NA
Q107,Gironniera nervosa,137.09350495,88.60076681286614,367,34.08660034519755,GNE,0.058636949,0.064236409,20.72142869
Q107,Knema malayana,3.685,514.3808191538908,95,3.539539473684211,KMA,0.190525807,0.025080885,24.687700319999998
Q213,Aporosa frutescens,99.884964466,62.34490621048944,343,26.572895065663264,AFR,0.282955305,0.162521153,20.676469625
Q213,Archidendron clypearia,212.479561805,245.20916059431732,336,57.70464290091146,ACL,0.243420319,0.144725378,23.7772643625
Q213,Calophyllum tetrapterum var. tetrapterum,145.92239463500002,490.8738521234052,350,38.04405288698215,CTE,0.240553338,0.045000774,49.83720091
Q213,Elaeocarpus mastersii,0.06,141.0260942196458,321,0.01705607476635514,EMA,0.365919055,0.292976771,33.139649925
Q213,Gironniera nervosa,108.047640705,362.49266833445824,367,26.864706306079704,GNE,0.058636949,0.064236409,20.72142869
Q213,Pentace triptera,392.063999636,467.59465056030473,321,111.45121484979751,PTR,0.022942267,0.003590934,46.37354942
Q213,Prunus polystachya,729.318442336,1431.3724448285816,343,194.02422117539356,PPO,0.15096458200000001,0.051487879,34.82430529
Q213,Rhodamnia cinerea,129.441660892,2398.613844997441,350,33.74729016112857,RCI,0.031766472,0.067600203,47.760605975
Q213,Timonius wallichianus,33.102113845,37.392806559352515,287,10.524626788697734,TWA,0.081529089,0.118450568,24.92279412
Q3,Bhesa paniculata,3.52,463.76976150455926,348,0.9229885057471264,BPA,0.338168303,0.105381227,26.0771882025
Q3,Maasia glauca,97.123920124,673.7852303970369,336,26.376659855104165,MGL,0.982401846,0.186778166,45.217783395
Q3,Madhuca tomentosa,198.645092824,4312.3071559500295,351,51.64206472988604,MTO,1,0.285714286,37.619276992857145
Q3,Pometia pinnata,3.56,22.061834409834322,368,0.8827445652173912,PPI,1,0.571428571,43.1445102925
Q3,Sterculia cordata,91.39546126900001,359.68094290949534,286,29.16026517760927,SCO,1,0.047619048,NA
Q3,Xanthophyllum flavescens,67.831552091,1827.3073669605033,348,17.786290598573995,XFL,0.543989977,0.212589875,19.937169915
Q4,Aporosa falcifera,34.698847961,502.7255104090727,196,16.15443814510842,AFA,1,0.177990416,29.143333335
Q4,Lophopetalum multinervium,125.895003675,1770.7508452142526,307,37.41993187408388,LMU,0.97288409,0.230979782,31.25958531
Q4,Madhuca tomentosa,124.143146379,1214.861733124807,351,32.27368121676282,MTO,1,0.285714286,37.619276992857145
Q4,Pometia pinnata,2.364705882,24.630086404143974,368,0.5863570970991847,PPI,1,0.571428571,43.1445102925
Q4,Sterculia cordata,2.7600000000000002,320.4738665926948,286,0.8805944055944057,SCO,1,0.047619048,NA
Q4,Xanthophyllum flavescens,86.332170252,617.2365626324206,348,22.63738659625,XFL,0.543989977,0.212589875,19.937169915
Q405,Aporosa frutescens,0.64,59.45464096918684,343,0.17026239067055393,AFR,0.282955305,0.162521153,20.676469625
Q405,Archidendron clypearia,78.581639859,325.0291759404,336,21.340995943850448,ACL,0.243420319,0.144725378,23.7772643625
Q405,Bhesa paniculata,258.066147866,892.5107649215923,348,67.66820687578304,BPA,0.338168303,0.105381227,26.0771882025
Q405,Gironniera nervosa,13.1,66.24048110094078,367,3.2571525885558583,GNE,0.058636949,0.064236409,20.72142869
Q405,Lindera lucida,144.080287086,620.1582438002592,287,45.809498942848435,LLU,0.058563352,0.035149581,25.60077051
Q405,Litsea firma,28.928088935,886.6831105491832,321,8.22332746205218,LFI,0.01957462,0.06651011,28.65178571
Q405,Mallotus paniculatus,2.937532967,51.52997350050658,71,3.7753504681514083,MPA,0,0,16.176714515
Q405,Rhodamnia cinerea,16.16116518,1497.039585270242,350,4.213446636214286,RCI,0.031766472,0.067600203,47.760605975
Q405,Timonius wallichianus,29.894946794,259.6997567090002,287,9.504926463249129,TWA,0.081529089,0.118450568,24.92279412
Q405,Xanthophyllum flavescens,16.660402384,118.02178201373454,348,4.368568153850575,XFL,0.543989977,0.212589875,19.937169915
Q408,Aporosa frutescens,8.030057532,87.37554567796612,343,2.136276238469388,AFR,0.282955305,0.162521153,20.676469625
Q408,Campnosperma squamatum,5.4,51.52997350050658,368,1.3389945652173914,CSQ,0.905500527,0.554813924,50.2334754775
Q408,Gironniera nervosa,279.530106392,183.73604634519904,367,69.50169539038147,GNE,0.058636949,0.064236409,20.72142869
Q408,Knema malayana,0.45,92.84191689521235,95,0.4322368421052632,KMA,0.190525807,0.025080885,24.687700319999998
Q408,Lithocarpus ewyckii,805.56906646,156.0193451589031,350,210.0233637556429,LEW,0,0,32.8977358375
Q408,Pentace triptera,4.62133125,36.316811075498,321,1.3136961886682241,PTR,0.022942267,0.003590934,46.37354942
Q408,Prunus polystachya,317.748517611,38.48451000647496,343,84.53222225073979,PPO,0.15096458200000001,0.051487879,34.82430529
Q408,Rhodamnia cinerea,153.175233561,2738.2592807586675,350,39.934971606975004,RCI,0.031766472,0.067600203,47.760605975
Q408,Timonius wallichianus,54.338636874,59.44678698755285,287,17.276657194259585,TWA,0.081529089,0.118450568,24.92279412
Q6,Artocarpus kemando,589.9234852550001,1862.438226809271,361,149.1150083920187,AKE,1,0.095238095,46.75268817
Q6,Campnosperma squamatum,418.45536185,789.2387604164618,368,103.7610102413383,CSQ,0.905500527,0.554813924,50.2334754775
Q6,Diospyros maingayi,488.004965277,2884.2647993342534,361,123.35305562749653,DMA,0.687704676,0.063411156,59.73221457
Q6,Gluta wallichii,5.82,36.316811075498,344,1.5438226744186048,GWA,0.9697652,0.230163954,48.32411271
Q6,Lophopetalum multinervium,20.88,1981.481026435422,307,6.206188925081433,LMU,0.97288409,0.230979782,31.25958531
Q6,Pometia pinnata,583.30559968,6402.1417130077625,368,144.63759774673912,PPI,1,0.571428571,43.1445102925
Q6,Sterculia macrophylla,18.54551797,498.7592496839155,368,4.598582920550271,SMA,1,0.095238095,NA
Q9,Campnosperma squamatum,525.079236141,709.9213998949535,368,130.19967472246262,CSQ,0.905500527,0.554813924,50.2334754775
Q9,Gluta wallichii,332.563086414,3178.7969645899307,344,88.21622568394622,GWA,0.9697652,0.230163954,48.32411271
Q9,Gynotroches axillaris,3.59,299.9749745280214,182,1.7999313186813186,GAX,0.52073344,0.282280987,29.169451565000003
Q9,Lophopetalum multinervium,275.304768305,2903.318558778275,307,81.82918601899429,LMU,0.97288409,0.230979782,31.25958531
Q9,Madhuca tomentosa,24.21391577,572.5552611167398,351,6.294928245049857,MTO,1,0.285714286,37.619276992857145
Q9,Pometia pinnata,108.094540955,1017.8760197630929,368,26.803333864521058,PPI,1,0.571428571,43.1445102925
