species,code,duration,litter.collection,ten.ba,No.of.plots,litter.production,productivity
Adenanthera malayana,AMA,49,342.9,2951.3,1,91,308.3
Alstonia pneumatophora,APN,40,135.1,1385.4,1,43.9,316.9
Aporosa falcifera,AFA,28,34.7,502.7,1,16.1,320.3
Aporosa frutescens,AFR,49,194.7,480.1,6,8.6,179.1
Aporosa prainiana,APR,40,120.7,247.3,1,39.2,1585.4
Archidendron clypearia,ACL,48,291.3,642.6,3,26.3,409.3
Artocarpus kemando,AKE,52,589.9,1862.4,1,147.5,792
Bhesa paniculata,BPA,50,741.9,5381.6,4,48.2,89.6
Calophyllum tetrapterum var. tetrapterum,CTE,50,145.9,490.9,1,37.9,772.1
Campnosperma squamatum,CSQ,53,1748.7,5382.4,4,107.2,199.2
Canarium pilosum,CPI,50,110.6,232.4,1,28.8,1239.5
Diospyros maingayi,DMA,52,488,2884.3,1,122,423
Elaeocarpus mastersii,EMA,46,95.3,1157.8,3,9,77.7
Gironniera nervosa,GNE,52,712,894.3,6,29.7,332.1
Gluta wallichii,GWA,49,338.4,3215.1,2,44.9,139.7
Gynotroches axillaris,GAX,26,42.8,1807.7,2,10.7,59.2
Hevea brasiliensis,HBR,18,13.8,111.2,1,10,899.1
Knema malayana,KMA,14,4.1,607.2,2,1.9,31.3
Lindera lucida,LLU,41,144.1,620.2,1,45.7,736.9
Lithocarpus ewyckii,LEW,50,805.6,156,1,209.4,13421.4
Litsea firma,LFI,46,28.9,886.7,1,8.2,92.5
Lophopetalum multinervium,LMU,44,422.1,6655.6,3,41.6,62.5
Maasia glauca,MGL,48,97.1,673.8,1,26.3,390.3
Madhuca tomentosa,MTO,50,351.4,6262.6,4,22.8,36.4
Mallotus paniculatus,MPA,10,2.9,51.5,1,3.8,737.4
Pentace triptera,PTR,46,396.7,503.9,2,56.1,1113.3
Pometia pinnata,PPI,53,697.3,7466.7,4,42.8,57.3
Prunus polystachya,PPO,49,1899.6,3075.9,3,168,546.2
Pternandra echinata,PEC,47,32.3,777.9,1,8.9,114.4
Rhodamnia cinerea,RCI,50,298.8,6633.9,3,25.9,39
Sterculia cordata,SCO,41,94.2,680.2,2,14.9,219.1
Sterculia macrophylla,SMA,53,18.5,498.8,1,4.5,90.2
Timonius wallichianus,TWA,41,192.6,768.2,5,12.2,158.8
Xanthophyllum flavescens,XFL,50,453.6,3649.6,5,23.6,64.7
