model,term,estimate,r2
SLA -> SIV,(Intercept),0.6882510169508343,0.24102893530603578
SLA -> SIV,SLA,-0.2905325146315833,0.24102893530603578
LT -> SIV,(Intercept),0.04843304232134639,0.1248714517446529
LT -> SIV,LT,1.1954575313414462,0.1248714517446529
LDMC -> SIV,(Intercept),0.5664296789433078,0.03774851902585187
LDMC -> SIV,LDMC,-0.5569373866407941,0.03774851902585187
CNratio -> SIV,(Intercept),0.05732321813055419,0.18252099461583804
CNratio -> SIV,CNratio,0.008844779810739478,0.18252099461583804
PC1 -> SIV,(Intercept),0.32916348052744704,0.21815739729074168
PC1 -> SIV,PC1,0.0707351352228593,0.21815739729074168
PC2 -> SIV,(Intercept),0.32916348052744704,0.06060228068546443
PC2 -> SIV,PC2,-0.04167474524956782,0.06060228068546443
SIV -> SLA,(Intercept),1.5090409423967661,0.24102893530603578
SIV -> SLA,iv.wet,-0.8296108805986068,0.24102893530603578
SIV -> LT,(Intercept),0.20044820518419015,0.12487145174465271
SIV -> LT,iv.wet,0.10445494588547362,0.12487145174465271
SIV -> LDMC,(Intercept),0.44832980926132265,0.03774851902585186
SIV -> LDMC,iv.wet,-0.06777874843981047,0.03774851902585186
SIV -> CNratio,(Intercept),23.941920666322133,0.18252099461583796
SIV -> CNratio,iv.wet,20.636013391109834,0.18252099461583796
SIV -> PC1,(Intercept),-1.0151878266548213,0.21815739729074174
SIV -> PC1,iv.wet,3.0841447691223163,0.21815739729074174
SIV -> PC2,(Intercept),0.478660577740079,0.06060228068546437
SIV -> PC2,iv.wet,-1.4541727927201398,0.06060228068546437
SIV -> canopy (L7),(Intercept),-2.5078702075388004,NA
SIV -> canopy (L7),logba,0.932086951151632,NA
SIV -> canopy (L7),iv.wet,-1.6676222226626989,NA
