Plot,collection_no.,Date,General date,wetmass,Dry.Mass
Q6,1,07/27/18,27/07/2018,216.75,127.58
Q107,1,07/28/18,28/07/2018,87.5,45.57
Q4,1,8/2/2018,02/08/2018,32.93,21.68
Q405,1,8/7/2018,07/08/2018,21.09,17.12
Q408,1,8/7/2018,07/08/2018,27.5,22.86
Q213,1,8/7/2018,07/08/2018,11.98,8.36
Q6,2,08/13/18,13/08/2018,230.69,191.83
Q107,2,08/13/18,13/08/2018,81.04,65.65
Q9,1,08/13/18,13/08/2018,179.06,116.82
Q3,1,08/15/18,15/08/2018,74.45,60.52
Q4,2,08/15/18,15/08/2018,28.67,24.1
Q10,1,08/16/18,16/08/2018,168.28,119.13
Q1,1,08/16/18,16/08/2018,70.65,55.34
Q213,2,08/21/18,21/08/2018,11.54,8.85
Q408,2,08/21/18,21/08/2018,52.27,43.52
Q405,2,08/21/18,21/08/2018,175.57,107.86
Q9,2,08/23/18,23/08/2018,116.86,42.85
Q6,3,08/23/18,23/08/2018,419.56,252.75
Q107,3,08/24/18,24/08/2018,58.55,33.8
Q3,2,08/28/18,28/08/2018,21.75,18
Q4,3,08/28/18,28/08/2018,21.15,16.7
Q1,2,08/28/18,28/08/2018,25.61,21.64
Q10,2,08/29/18,29/08/2018,60.76,48.89
Q213,3,9/5/2018,05/09/2018,92.37,52.86
Q408,3,9/5/2018,05/09/2018,29.53,15.44
Q405,3,9/5/2018,05/09/2018,60.06,32.56
Q9,3,9/7/2018,07/09/2018,53.92,35.13
Q107,4,9/7/2018,07/09/2018,71.88,42.93
Q6,4,9/7/2018,07/09/2018,266.43,180.88
Q4,4,9/12/2018,12/09/2018,118.24,65.03
Q3,3,9/12/2018,12/09/2018,47.12,24.88
Q10,3,9/12/2018,12/09/2018,96.25,40.73
Q1,3,9/12/2018,12/09/2018,90.1,55.4
Q107,5,09/18/18,18/09/2018,59.78,50.47
Q9,4,09/18/18,18/09/2018,69.86,58.82
Q6,5,09/18/18,18/09/2018,184.61,155.79
Q213,4,09/21/18,21/09/2018,25.35,14.8
Q408,4,09/21/18,21/09/2018,78.97,68.23
Q405,4,09/21/18,21/09/2018,205.93,105.46
Q4,5,09/26/18,26/09/2018,69.05,51.74
Q3,4,09/26/18,26/09/2018,7.1,5.67
Q1,4,09/26/18,26/09/2018,109.46,95.08
Q10,4,09/26/18,26/09/2018,52.42,39.68
Q408,5,10/2/2018,02/10/2018,23.81,20.42
Q405,5,10/2/2018,02/10/2018,26.58,22.01
Q213,5,10/2/2018,02/10/2018,5.87,5
Q6,6,10/4/2018,04/10/2018,163.63,138.14
Q9,5,10/4/2018,04/10/2018,18.58,15.64
Q107,6,10/4/2018,04/10/2018,60.64,51.81
Q4,6,10/10/2018,10/10/2018,109.26,59.74
Q3,5,10/10/2018,10/10/2018,45.71,19.89
Q1,5,10/10/2018,10/10/2018,63.82,37.53
Q10,5,10/10/2018,10/10/2018,151.53,72.96
Q405,6,10/16/18,16/10/2018,88.06,49.35
Q408,6,10/16/18,16/10/2018,9.21,5.01
Q213,6,10/16/18,16/10/2018,29.54,14.03
Q107,7,10/19/18,19/10/2018,163.97,67.67
Q6,7,10/19/18,19/10/2018,182.74,111.8
Q9,6,10/19/18,19/10/2018,188.96,68.84
Q4,7,10/24/18,24/10/2018,11.48,9.68
Q10,6,10/24/18,24/10/2018,53.86,43.38
Q1,6,10/24/18,24/10/2018,21.93,18.84
Q3,6,10/24/18,24/10/2018,103.93,89.97
Q408,7,10/31/18,31/10/2018,21.32,9.96
Q213,7,10/31/18,31/10/2018,37.18,12.94
Q405,7,10/31/18,31/10/2018,121.87,67.46
Q9,7,11/1/2018,01/11/2018,222.32,94.8
Q6,8,11/1/2018,01/11/2018,333.8,236.85
Q107,8,11/1/2018,01/11/2018,136.05,67.49
Q4,8,11/6/2018,06/11/2018,97.15,39.45
Q3,"7, includes woody liyana",11/6/2018,06/11/2018,809.51,364.27
Q10,7,11/6/2018,06/11/2018,386.03,150.2
Q1,7,11/6/2018,06/11/2018,154.18,83.29
Q213,8,11/14/18,14/11/2018,184.05,135.49
Q408,8,11/14/18,14/11/2018,49.3,33.76
Q405,8,11/14/18,14/11/2018,178.97,91.14
Q9,8,11/17/18,17/11/2018,176.84,104.97
Q107,9,11/17/18,17/11/2018,80.48,52.96
Q6,9,11/17/18,17/11/2018,164.02,115.61
Q10,8,11/21/18,21/11/2018,473.23,192.57
Q3,8,11/21/18,21/11/2018,117.29,61.67
Q1,8,11/21/18,21/11/2018,58.86,37.03
Q4,9,11/22/18,22/11/2018,104.03,42.31
Q405,9,11/28/18,28/11/2018,135.66,62.5
Q213,9,11/28/18,28/11/2018,42.74,14.81
Q408,9,11/28/18,28/11/2018,17.04,7.68
Q6,10,11/30/18,30/11/2018,194.41,97.53
Q9,9,11/30/18,30/11/2018,116.84,45.08
Q107,10,11/30/18,30/11/2018,152.98,55.06
Q3,9,12/5/2018,05/12/2018,62.61,25.61
Q4,10,12/5/2018,05/12/2018,97.64,36.17
Q10,9,12/5/2018,05/12/2018,647.31,246.95
Q1,9,12/5/2018,05/12/2018,107,57.86
Q408,10,12/11/2018,11/12/2018,104.25,46.94
Q405,10,12/11/2018,11/12/2018,101.57,51.49
Q213,10,12/11/2018,11/12/2018,65.03,32.77
Q9,10,12/14/18,14/12/2018,206.31,65.17
Q107,11,12/14/18,14/12/2018,110.07,53.47
Q6,11,12/14/18,14/12/2018,64.45,33.06
Q4,11,12/18/18,18/12/2018,32.16,12.61
Q3,10,12/18/18,18/12/2018,117.44,58.27
Q1,10,12/18/18,18/12/2018,53.66,33.94
Q10,10,12/18/18,18/12/2018,270.97,89.12
Q6,12,12/27/18,27/12/2018,98.53,50.53
Q9,11,12/27/18,27/12/2018,60.57,35.12
Q107,12,12/27/18,27/12/2018,97.84,54.44
Q405,11,12/27/18,27/12/2018,145.44,81.69
Q213,11,12/27/18,27/12/2018,48.97,19.49
Q408,11,12/27/18,27/12/2018,28.36,15.66
Q10,11,1/2/2019,02/01/2019,161.46,71.4
Q1,11,1/2/2019,02/01/2019,20.25,16.93
Q3,11,1/3/2019,03/01/2019,88.83,66.71
Q4,12,1/3/2019,03/01/2019,60.24,41.24
Q408,12,1/8/2019,08/01/2019,65.78,56.01
Q213,12,1/8/2019,08/01/2019,34.05,27.65
Q405,12,1/8/2019,08/01/2019,57.03,48.3
Q9,12,1/11/2019,11/01/2019,124.55,99.63
Q3,12,01/16/19,16/01/2019,116.96,67.6
Q1,12,01/16/19,16/01/2019,75.54,52.67
Q10,12,01/16/19,16/01/2019,189.34,108.74
Q6,13,1/10/2019,10/01/2019,59.51,41.47
Q107,13,1/10/2019,10/01/2019,58.19,44.95
Q4,13,01/15/19,15/01/2019,87.04,53
Q213,13,01/22/19,22/01/2019,46.15,33.94
Q405,13,01/22/19,22/01/2019,159.95,130.66
Q408,13,01/22/19,22/01/2019,100.5,52.68
Q9,13,01/24/19,24/01/2019,96.94,79.64
Q6,14,01/24/19,24/01/2019,170.73,140.59
Q107,14,01/24/19,24/01/2019,130,104.27
Q4,14,01/29/19,29/01/2019,30.67,22.92
Q3,13,01/29/19,29/01/2019,20.02,11.52
Q10,13,01/29/19,29/01/2019,137.73,94.47
Q1,13,01/29/19,29/01/2019,58.37,44.25
Q408,14,2/7/2019,07/02/2019,33.3,25.87
Q213,14,2/7/2019,07/02/2019,52.71,40.54
Q405,14,2/7/2019,07/02/2019,55.4,42.95
Q9,14,2/7/2019,07/02/2019,62.02,48.43
Q107,15,2/7/2019,07/02/2019,99.97,80.99
Q6,15,2/7/2019,07/02/2019,22.06,15.64
Q3,14,2/12/2019,12/02/2019,58.13,44.51
Q4,15,2/12/2019,12/02/2019,15.58,10.25
Q1,14,2/12/2019,12/02/2019,67.56,49.53
Q10,14,2/12/2019,12/02/2019,100.96,81.68
Q408,15,02/19/19,19/02/2019,36.75,26.7
Q213,15,02/19/19,19/02/2019,35.76,17.68
Q405,15,02/19/19,19/02/2019,84.91,47.78
Q9,15,02/19/19,19/02/2019,48.33,28.23
Q6,16,02/19/19,19/02/2019,51.24,35.68
Q107,16,02/19/19,19/02/2019,85.12,49
Q1,15,02/26/19,26/02/2019,42.87,31.63
Q3,15,02/26/19,26/02/2019,38.38,27.07
Q10,15,02/26/19,26/02/2019,54.18,43.02
Q4,16,02/26/19,26/02/2019,32.08,22.87
Q408,16,3/4/2019,04/03/2019,22.56,17.47
Q213,16,3/4/2019,04/03/2019,42.15,33.81
Q6,17,3/4/2019,04/03/2019,62.5,50.31
Q107,17,3/4/2019,04/03/2019,46.88,36.72
Q9,16,3/4/2019,04/03/2019,115.85,90.94
Q1,16,3/12/2019,12/03/2019,52.21,25.26
Q3,16,3/12/2019,12/03/2019,175.04,102.97
Q4,17,3/12/2019,12/03/2019,65.53,30.38
Q10,16,3/12/2019,12/03/2019,119.26,55.54
Q405,16,3/12/2019,12/03/2019,53.8,29.58
Q408,17,03/19/19,19/03/2019,14.12,9.75
Q213,17,03/19/19,19/03/2019,16.82,11.71
Q6,18,03/19/19,19/03/2019,62.85,48.51
Q107,18,03/19/19,19/03/2019,59.84,45.05
Q9,17,03/19/19,19/03/2019,127.82,104.72
Q4,18,03/25/19,25/03/2019,78.29,58.47
Q405,17,03/25/19,25/03/2019,42.72,30.75
Q3,17,03/25/19,25/03/2019,47.2,29.4
Q1,17,03/25/19,25/03/2019,34.01,24.78
Q10,17,03/25/19,25/03/2019,79.36,63.08
Q408,18,4/2/2019,02/04/2019,30.01,16.23
Q213,18,4/2/2019,02/04/2019,35.45,20.18
Q6,19,4/2/2019,02/04/2019,62.53,29.83
Q107,19,4/2/2019,02/04/2019,48.49,29.75
Q9,18,4/2/2019,02/04/2019,86.23,33.24
Q1,18,4/9/2019,09/04/2019,85.98,68.71
Q10,18,4/9/2019,09/04/2019,113.67,90.72
Q3,18,4/9/2019,09/04/2019,59.89,46.33
Q405,18,4/9/2019,09/04/2019,52.43,40.05
Q4,19,4/9/2019,09/04/2019,16.06,11.5
Q6,20,04/15/19,15/04/2019,63.25,49.09
Q9,19,04/15/19,15/04/2019,151.79,75.8
Q107,20,04/15/19,15/04/2019,45.68,28.64
Q213,19,04/15/19,15/04/2019,24.46,17.55
Q408,19,04/15/19,15/04/2019,21.2,13.8
Q405,19,04/23/19,23/04/2019,23.32,15.24
Q1,19,04/23/19,23/04/2019,56.27,43.75
Q10,19,04/23/19,23/04/2019,308.09,233.79
Q3,19,04/23/19,23/04/2019,103.43,74.18
Q4,20,04/23/19,23/04/2019,44.69,18.59
Q6,21,04/29/19,29/04/2019,50.36,31.26
Q9,20,04/29/19,29/04/2019,49.52,38.39
Q213,20,04/29/19,29/04/2019,87.86,55.82
Q107,21,04/29/19,29/04/2019,93.37,50.31
Q408,20,04/29/19,29/04/2019,7.34,2.6
Q405,20,5/6/2019,06/05/2019,11.81,7.37
Q3,20,5/6/2019,06/05/2019,35.01,26.8
Q4,21,5/6/2019,06/05/2019,55.18,31.25
Q1,20,5/6/2019,06/05/2019,34.74,23.95
Q10,20,5/6/2019,06/05/2019,,62.38
Q9,21,05/14/19,14/05/2019,23.96,17.25
Q6,22,05/14/19,14/05/2019,99.19,64.16
Q213,21,05/14/19,14/05/2019,32.88,18.42
Q107,22,05/14/19,14/05/2019,152.65,78.4
Q408,21,05/14/19,14/05/2019,36.09,25.62
Q405,21,05/21/19,21/05/2019,72.6,55.29
Q1,21,05/21/19,21/05/2019,27.68,21.39
Q10,21,05/21/19,21/05/2019,254.88,147.84
Q3,21,05/21/19,21/05/2019,32.79,25.39
Q4,22,05/21/19,21/05/2019,46.28,34.8
Q6,23,05/28/19,28/05/2019,93.99,77.24
Q9,22,05/28/19,28/05/2019,35.9,26.57
Q107,23,05/28/19,28/05/2019,43.8,34.06
Q213,22,05/28/19,28/05/2019,19.13,14.19
Q408,22,05/28/19,28/05/2019,14,9.79
Q1,22,6/3/2019,03/06/2019,20.28,10.06
Q10,22,6/3/2019,03/06/2019,67.59,38.48
Q3,22,6/3/2019,03/06/2019,23.02,15.64
Q4,23,6/3/2019,03/06/2019,29.98,15.56
Q405,22,6/3/2019,03/06/2019,30.3,19.71
Q6,24,6/11/2019,11/06/2019,30.03,23.59
Q9,23,6/11/2019,11/06/2019,31.27,17.02
Q107,24,6/11/2019,11/06/2019,52.68,41.36
Q213,23,6/11/2019,11/06/2019,25.07,16.21
Q408,23,6/11/2019,11/06/2019,67.96,53.19
Q3,23,06/17/19,17/06/2019,17.31,11.43
Q405,23,06/17/19,17/06/2019,24.62,13.04
Q10,23,06/17/19,17/06/2019,118.96,68.88
Q4,24,06/17/19,17/06/2019,47.69,18.5
Q1,23,06/17/19,17/06/2019,47.33,36.63
Q6,25,06/25/19,25/06/2019,30.25,22.4
Q9,24,06/25/19,25/06/2019,96.98,65.99
Q107,25,06/25/19,25/06/2019,55.11,38.44
Q213,24,06/25/19,25/06/2019,26.82,20.96
Q408,24,06/25/19,25/06/2019,19.49,12.07
Q4,25,7/2/2019,02/07/2019,52.14,37.15
Q3,24,7/2/2019,02/07/2019,33.01,23.3
Q405,24,7/2/2019,02/07/2019,93.71,59.16
Q10,24,7/2/2019,02/07/2019,126.35,87.39
Q1,24,7/2/2019,02/07/2019,14.84,9.31
Q408,25,7/9/2019,02/07/2019,80.92,50.52
Q107,26,7/9/2019,02/07/2019,148.16,64.38
Q9,25,7/9/2019,02/07/2019,126.42,65.8
Q6,26,7/9/2019,02/07/2019,45.02,25.64
Q213,25,7/9/2019,02/07/2019,44.15,18.92
Q3,25,07/14/19,14/07/2019,26.43,18.8
Q1,25,07/14/19,14/07/2019,38.99,29.06
Q10,25,07/14/19,14/07/2019,80,60.66
Q4,26,07/14/19,14/07/2019,17.51,11.34
Q405,25,07/14/19,14/07/2019,167.39,135.82
Q408,26,07/23/19,23/07/2019,24.66,12.18
Q9,26,07/23/19,23/07/2019,43.32,17.39
Q6,27,07/23/19,23/07/2019,148.14,75.2
Q213,26,07/23/19,23/07/2019,39.93,19.22
Q107,27,07/23/19,23/07/2019,94.18,41.19
Q1,26,07/30/19,30/07/2019,31.88,23.41
Q10,26,07/30/19,30/07/2019,56.32,42.58
Q3,26,07/30/19,30/07/2019,10.49,6.36
Q4,27,07/30/19,30/07/2019,17.43,11.16
