"","Plot","date1","date2","Dry.Mass","Condition","ba","prod","rf","rf_lag","temp","temp_lag","temp_max","temp_min"
"1","Q1",2018-08-16,"2018-08",85.676168266,"D",11696.3222369107,18.3126299298652,5.04666666666667,7.38,28.2665517241379,27.2933333333333,33.7,22.1
"2","Q1",2018-08-28,"2018-08",100.343289634,"D",11696.3222369107,21.4476156695951,2.98,5.76666666666667,28.1898850574713,27.99,33.7,22.1
"3","Q1",2018-09-12,"2018-09",98.077754775,"D",11696.3222369107,20.9633748088545,3.83333333333333,4.80666666666667,27.5432183908046,28.1666666666667,33.7,22.1
"4","Q1",2018-09-26,"2018-09",97.118529735,"D",11696.3222369107,20.7583477455241,6.59333333333333,2.98,27.1633333333333,28.2032183908046,33.5,22.1
"5","Q1",2018-10-10,"2018-10",93.291940699,"D",11696.3222369107,19.9404434166052,8.17333333333333,3.66666666666667,27.9733333333333,27.7298850574713,34.1,22.1
"6","Q1",2018-10-24,"2018-10",87.177688511,"D",11696.3222369107,18.6335684724657,8.62,6.59333333333333,27.9266666666667,27.1133333333333,34.1,22.9
"7","Q1",2018-11-06,"2018-11",113.34940715,"D",11696.3222369107,24.2275744576139,13.16,4.84666666666667,26.9608333333333,27.94,34.1,22.9
"8","Q1",2018-11-21,"2018-11",117.657993589,"D",11696.3222369107,25.148502068817,14.0533333333333,7.60666666666667,26.9158333333333,27.9033333333333,34.1,22.4
"9","Q1",2018-12-05,"2018-12",92.112949602,"D",11696.3222369107,19.6884430285517,11.5466666666667,12.9533333333333,27.01375,27.0020833333333,33.7,22.4
"10","Q1",2018-12-18,"2018-12",85.980295675,"D",11696.3222369107,18.3776348525323,7.49333333333333,13.88,26.9433333333333,27.0925,33.7,22.6
"11","Q1",2019-01-02,"2019-01",105.867158589,"D",11696.3222369107,22.6283006838913,5.56666666666667,12.8933333333333,27.3666666666667,26.9925,34.7,23.3
"12","Q1",2019-01-16,"2019-01",102.063425623,"D",11696.3222369107,21.8152816662559,2.60666666666667,7.92666666666667,28.1866666666667,26.93,34.7,23.3
"13","Q1",2019-01-29,"2019-01",94.659024459,"D",11696.3222369107,20.2326471820944,3.65333333333333,6.08666666666667,28.0366666666667,27.2466666666667,34.7,23.3
"14","Q1",2019-02-12,"2019-02",116.098814971,"D",11696.3222369107,24.8152394871228,2.89333333333333,3.32,27.9833333333333,28.0433333333333,34.6,23.3
"15","Q1",2019-02-26,"2019-02",110.076997191,"D",11696.3222369107,23.5281216953017,1.64,3.61333333333333,28.4585416666667,28.1166666666667,34.6,23.5
"16","Q1",2019-03-12,"2019-03",103.249704763,"D",11696.3222369107,22.0688398181201,3.3,3.66666666666667,28.6491666666667,27.9866666666667,35,23.5
"17","Q1",2019-03-25,"2019-03",94.958682625,"D",11696.3222369107,20.2966968380312,5.16666666666667,1.64666666666667,28.7301388888889,28.3379166666667,35.3,22.9
"18","Q1",2019-04-09,"2019-04",340.982217394,"D",11696.3222369107,72.8823579086132,7.11333333333333,1.23333333333333,28.58,28.6647222222222,35.3,22.2
"19","Q1",2019-04-23,"2019-04",372.165953385,"D",11696.3222369107,79.5476445173798,3.05333333333333,5.09333333333333,28.5751207729469,28.728125,35.3,22.2
"20","Q1",2019-05-06,"2019-05",160.413097518,"D",11696.3222369107,34.2870806456955,3.83333333333333,7.11333333333333,28.665652173913,28.6,35.6,23.9
"21","Q1",2019-05-21,"2019-05",111.745520895,"D",11696.3222369107,23.8847559582358,7.37333333333333,3.04666666666667,28.3622256728778,28.5798550724638,35.6,23.2
"22","Q1",2019-06-03,"2019-06",85.000151423,"D",11696.3222369107,18.1681364665981,5.42666666666667,3.90666666666667,28.3396428571429,28.715652173913,34.7,23.1
"23","Q1",2019-06-17,"2019-06",76.060756768,"D",11696.3222369107,16.2574087878604,5.66,7.31333333333333,28.0006216931217,28.4587474120083,34.7,23.1
"24","Q1",2019-07-02,"2019-07",89.419385467,"D",11696.3222369107,19.1127141625797,7.06896551724138,4.86666666666667,27.8835249042146,28.3596428571429,33.6,22.9
"25","Q1",2019-07-14,"2019-07",58.952187443,"D",11696.3222369107,12.6005820994229,5.14117647058823,5.58,28.2411764705882,27.9803835978836,33.6,22.9
"26","Q1",2019-07-30,"2019-07",65.169854785,"D",11696.3222369107,13.9295612468977,0,6.92666666666667,28.5,27.8706216931217,32.1,25.9
"27","Q10",2018-08-16,"2018-08",71.8851495,"W",10450.0759931766,17.1972791267111,5.04666666666667,7.38,28.2665517241379,27.2933333333333,33.7,22.1
"28","Q10",2018-08-29,"2018-08",80.88869827,"W",10450.0759931766,19.35122249896,2.98,4.10666666666667,28.1365517241379,28.1233333333333,33.7,22.1
"29","Q10",2018-09-12,"2018-09",64.512525192,"W",10450.0759931766,15.4335062333814,3.83333333333333,4.80666666666667,27.5432183908046,28.1666666666667,33.7,22.1
"30","Q10",2018-09-26,"2018-09",72.471123272,"W",10450.0759931766,17.3374632202006,6.59333333333333,2.98,27.1633333333333,28.2032183908046,33.5,22.1
"31","Q10",2018-10-10,"2018-10",80.280668014,"W",10450.0759931766,19.2057617730291,8.17333333333333,3.66666666666667,27.9733333333333,27.7298850574713,34.1,22.1
"32","Q10",2018-10-24,"2018-10",79.744701356,"W",10450.0759931766,19.0775410169432,8.62,6.59333333333333,27.9266666666667,27.1133333333333,34.1,22.9
"33","Q10",2018-11-06,"2018-11",61.610349285,"W",10450.0759931766,14.7392108261291,13.16,4.84666666666667,26.9608333333333,27.94,34.1,22.9
"34","Q10",2018-11-21,"2018-11",61.15505582,"W",10450.0759931766,14.6302897366324,14.0533333333333,7.60666666666667,26.9158333333333,27.9033333333333,34.1,22.4
"35","Q10",2018-12-05,"2018-12",90.295227107,"W",10450.0759931766,21.6015718847305,11.5466666666667,12.9533333333333,27.01375,27.0020833333333,33.7,22.4
"36","Q10",2018-12-18,"2018-12",53.445706806,"W",10450.0759931766,12.785961279348,7.49333333333333,13.88,26.9433333333333,27.0925,33.7,22.6
"37","Q10",2019-01-02,"2019-01",81.652122124,"W",10450.0759931766,19.5338584564636,5.56666666666667,12.8933333333333,27.3666666666667,26.9925,34.7,23.3
"38","Q10",2019-01-16,"2019-01",163.341239423,"W",10450.0759931766,39.076567368901,2.60666666666667,7.92666666666667,28.1866666666667,26.93,34.7,23.3
"39","Q10",2019-01-29,"2019-01",106.18016629,"W",10450.0759931766,25.4017689343433,3.65333333333333,6.08666666666667,28.0366666666667,27.2466666666667,34.7,23.3
"40","Q10",2019-02-12,"2019-02",101.577651893,"W",10450.0759931766,24.3006969421384,2.89333333333333,3.32,27.9833333333333,28.0433333333333,34.6,23.3
"41","Q10",2019-02-26,"2019-02",102.414855165,"W",10450.0759931766,24.5009833497556,1.64,3.61333333333333,28.4585416666667,28.1166666666667,34.6,23.5
"42","Q10",2019-03-12,"2019-03",104.911846145,"W",10450.0759931766,25.0983452688532,3.3,3.66666666666667,28.6491666666667,27.9866666666667,35,23.5
"43","Q10",2019-03-25,"2019-03",89.836048479,"W",10450.0759931766,21.4917213371603,5.16666666666667,1.64666666666667,28.7301388888889,28.3379166666667,35.3,22.9
"44","Q10",2019-04-09,"2019-04",85.770026742,"W",10450.0759931766,20.5189959379252,7.11333333333333,1.23333333333333,28.58,28.6647222222222,35.3,22.2
"45","Q10",2019-04-23,"2019-04",61.736232179,"W",10450.0759931766,14.7693261320087,3.05333333333333,5.09333333333333,28.5751207729469,28.728125,35.3,22.2
"46","Q10",2019-05-06,"2019-05",73.404108538,"W",10450.0759931766,17.5606638138157,3.83333333333333,7.11333333333333,28.665652173913,28.6,35.6,23.9
"47","Q10",2019-05-21,"2019-05",87.647965621,"W",10450.0759931766,20.968260345243,7.37333333333333,3.04666666666667,28.3622256728778,28.5798550724638,35.6,23.2
"48","Q10",2019-06-03,"2019-06",56.787656462,"W",10450.0759931766,13.5854649523792,5.42666666666667,3.90666666666667,28.3396428571429,28.715652173913,34.7,23.1
"49","Q10",2019-06-17,"2019-06",70.026850009,"W",10450.0759931766,16.7527131034081,5.66,7.31333333333333,28.0006216931217,28.4587474120083,34.7,23.1
"50","Q10",2019-07-02,"2019-07",54.110651478,"W",10450.0759931766,12.945037795259,7.06896551724138,4.86666666666667,27.8835249042146,28.3596428571429,33.6,22.9
"51","Q10",2019-07-14,"2019-07",53.148549241,"W",10450.0759931766,12.7148714697634,5.14117647058823,5.58,28.2411764705882,27.9803835978836,33.6,22.9
"52","Q10",2019-07-30,"2019-07",53.869778065,"W",10450.0759931766,12.8874129958898,0,6.92666666666667,28.5,27.8706216931217,32.1,25.9
"53","Q107",2018-07-28,"2018-07",40.712233127,"D",8727.34439167244,11.6622626826344,5.76666666666667,12.3111111111111,27.9133333333333,27.7851851851852,34,22.2
"54","Q107",2018-08-13,"2018-08",105.505145018,"D",8727.34439167244,30.2225798258495,4.80666666666667,7.53333333333333,28.1666666666667,27.2633333333333,33.7,22.1
"55","Q107",2018-08-24,"2018-08",147.46702551,"D",8727.34439167244,42.2428114704376,3.9,6.98666666666667,28.2665517241379,27.6733333333333,33.7,22.1
"56","Q107",2018-08-28,"2018-08",74.8695421,"D",8727.34439167244,21.4468281357843,2.98,5.76666666666667,28.1898850574713,27.99,33.7,22.1
"57","Q107",2018-09-07,"2018-09",137.350276848,"D",8727.34439167244,39.3448083070546,3.54666666666667,4.8,27.8832183908046,28.1633333333333,33.7,22.1
"58","Q107",2018-09-18,"2018-09",89.607303673,"D",8727.34439167244,25.6685480862032,3.56666666666667,4.54666666666667,27.4066666666667,28.2932183908046,33.6,22.1
"59","Q107",2018-10-04,"2018-10",106.77108016,"D",8727.34439167244,30.5852145189435,4.56,3.72,27.6533333333333,28.0398850574713,34.1,22.1
"60","Q107",2018-10-19,"2018-10",112.311788503,"D",8727.34439167244,32.1723835632541,11.32,3.61333333333333,27.64,27.3366666666667,34.1,22.1
"61","Q107",2018-11-01,"2018-11",79.965037447,"D",8727.34439167244,22.9064632545331,11.24,4.55333333333333,27.4133333333333,27.4566666666667,34.1,22.9
"62","Q107",2018-11-17,"2018-11",65.784971729,"D",8727.34439167244,18.8444986174063,13.6333333333333,11.18,27.0691666666667,27.68,34.1,22.9
"63","Q107",2018-11-30,"2018-11",70.643630377,"D",8727.34439167244,20.2362904471856,12.3666666666667,11.2333333333333,26.9658333333333,27.4766666666667,33.7,22.4
"64","Q107",2018-12-14,"2018-12",62.073240148,"D",8727.34439167244,17.7812509058396,8.74666666666667,12.6266666666667,26.9666666666667,27.1125,33.7,22.4
"65","Q107",2018-12-27,"2018-12",57.834094721,"D",8727.34439167244,16.5669223435782,6.91333333333333,13.4866666666667,27.1633333333333,26.9025,34.2,23.3
"66","Q107",2019-01-10,"2019-01",501.280960767,"D",8727.34439167244,143.594929416707,4.12,9.35333333333333,27.7933333333333,27.0220833333333,34.7,23.3
"67","Q107",2019-01-24,"2019-01",159.592061255,"D",8727.34439167244,45.7161004804856,3.62666666666667,7.30666666666667,28.1666666666667,27.15,34.7,23.3
"68","Q107",2019-02-07,"2019-02",151.903079672,"D",8727.34439167244,43.513545717568,3.28,3.88,27.9866666666667,27.7366666666667,34.2,23.3
"69","Q107",2019-02-19,"2019-02",149.668500266,"D",8727.34439167244,42.8734370815057,1.59333333333333,4.28666666666667,28.28375,28.1066666666667,34.6,23.5
"70","Q107",2019-03-04,"2019-03",123.131685071,"D",8727.34439167244,35.2718076498995,1.62666666666667,3.33333333333333,28.5913888888889,28.0133333333333,34.6,23.5
"71","Q107",2019-03-19,"2019-03",103.511339395,"D",8727.34439167244,29.6514422800164,3.33333333333333,2.02666666666667,28.7113888888889,28.1566666666667,35,23.5
"72","Q107",2019-04-02,"2019-04",80.518814638,"D",8727.34439167244,23.0650960430845,6.58,1.62666666666667,28.6233333333333,28.6047222222222,35.3,22.2
"73","Q107",2019-04-15,"2019-04",70.640536269,"D",8727.34439167244,20.2354041214429,5.53333333333333,3.33333333333333,28.47,28.6880555555556,35.3,22.2
"74","Q107",2019-04-29,"2019-04",86.303578425,"D",8727.34439167244,24.7221762290457,5.35333333333333,5.77333333333333,28.5789855072464,28.6990972222222,35.6,22.8
"75","Q107",2019-05-14,"2019-05",147.662507543,"D",8727.34439167244,42.2988084679855,6.3,5.28666666666667,28.605652173913,28.4966666666667,35.6,23.2
"76","Q107",2019-05-28,"2019-05",98.987557472,"D",8727.34439167244,28.3555778910401,4.32,5.35333333333333,28.3964285714286,28.5523188405797,35.6,23.2
"77","Q107",2019-06-11,"2019-06",65.406460768,"D",8727.34439167244,18.7360718887209,4.64666666666667,5.76,28.0270502645503,28.6489855072464,34.7,23.1
"78","Q107",2019-06-25,"2019-06",67.932462877,"D",8727.34439167244,19.4596603010821,7.34666666666667,6.03333333333333,27.8672883597884,28.3096169772257,34.7,22.9
"79","Q107",2019-07-09,"2019-07",70.58251539,"D",8727.34439167244,20.2187836936254,6.88181818181818,4.92,28.1203703703704,28.0721119929453,33.6,22.9
"80","Q107",2019-07-23,"2019-07",62.924252995,"D",8727.34439167244,18.0250286258446,0.375,7.34666666666667,28.725,27.9106216931217,33.4,24.6
"81","Q213",2018-08-07,"2018-08",87.371992905,"D",7651.69448300984,28.5466157525646,4.8,9.35333333333333,28.1633333333333,27.36,34,22.2
"82","Q213",2018-08-21,"2018-08",116.853933442,"D",7651.69448300984,38.1791032370241,3.13333333333333,7.08,28.3632183908046,27.48,33.7,22.1
"83","Q213",2018-09-05,"2018-09",79.083369344,"D",7651.69448300984,25.8385150895662,3.54666666666667,4.8,27.9665517241379,28.1533333333333,33.7,22.1
"84","Q213",2018-09-21,"2018-09",61.834511576,"D",7651.69448300984,20.2028817647189,6.37333333333333,3.04666666666667,27.14,28.3965517241379,33.5,22.1
"85","Q213",2018-10-02,"2018-10",80.376098898,"D",7651.69448300984,26.260882173377,4.55333333333333,3.69333333333333,27.4566666666667,28.1498850574713,34,22.1
"86","Q213",2018-10-16,"2018-10",181.842268605,"D",7651.69448300984,59.4124180626823,10.5666666666667,3.59333333333333,27.7833333333333,27.4233333333333,34.1,22.1
"87","Q213",2018-10-31,"2018-10",108.166661866,"D",7651.69448300984,35.3407542950709,11.2333333333333,5.42666666666667,27.4766666666667,27.3433333333333,34.1,22.9
"88","Q213",2018-11-14,"2018-11",82.764661314,"D",7651.69448300984,27.041285266216,12.6266666666667,10.56,27.1125,27.7933333333333,34.1,22.9
"89","Q213",2018-11-28,"2018-11",75.780352704,"D",7651.69448300984,24.759336926045,13.1866666666667,9.59333333333333,26.9191666666667,27.64,33.7,22.4
"90","Q213",2018-12-11,"2018-12",106.438323217,"D",7651.69448300984,34.7760628228624,9.35333333333333,10.9866666666667,27.0220833333333,27.06375,33.7,22.4
"91","Q213",2018-12-27,"2018-12",81.649005575,"D",7651.69448300984,26.676772627389,6.91333333333333,13.4866666666667,27.1633333333333,26.9025,34.2,23.3
"92","Q213",2019-01-08,"2019-01",101.405250607,"D",7651.69448300984,33.1316320954021,3.88,10.7933333333333,27.7366666666667,26.9820833333333,34.7,23.3
"93","Q213",2019-01-22,"2019-01",153.914241926,"D",7651.69448300984,50.2876331078554,4.06666666666667,6.96666666666667,28.1333333333333,27.1666666666667,34.7,23.3
"94","Q213",2019-02-07,"2019-02",136.277391233,"D",7651.69448300984,44.5252327885008,3.28,3.88,27.9866666666667,27.7366666666667,34.2,23.3
"95","Q213",2019-02-19,"2019-02",99.686827706,"D",7651.69448300984,32.5701803461145,1.59333333333333,4.28666666666667,28.28375,28.1066666666667,34.6,23.5
"96","Q213",2019-03-04,"2019-03",84.080614656,"D",7651.69448300984,27.4712401425254,1.62666666666667,3.33333333333333,28.5913888888889,28.0133333333333,34.6,23.5
"97","Q213",2019-03-19,"2019-03",130.017546978,"D",7651.69448300984,42.4799850760824,3.33333333333333,2.02666666666667,28.7113888888889,28.1566666666667,35,23.5
"98","Q213",2019-04-02,"2019-04",249.534615381,"D",7651.69448300984,81.5292011250181,6.58,1.62666666666667,28.6233333333333,28.6047222222222,35.3,22.2
"99","Q213",2019-04-15,"2019-04",230.112334869,"D",7651.69448300984,75.1834562200411,5.53333333333333,3.33333333333333,28.47,28.6880555555556,35.3,22.2
"100","Q213",2019-04-29,"2019-04",128.372646416,"D",7651.69448300984,41.942554914158,5.35333333333333,5.77333333333333,28.5789855072464,28.6990972222222,35.6,22.8
"101","Q213",2019-05-14,"2019-05",160.897751888,"D",7651.69448300984,52.5693205097461,6.3,5.28666666666667,28.605652173913,28.4966666666667,35.6,23.2
"102","Q213",2019-05-28,"2019-05",63.991433591,"D",7651.69448300984,20.9076021439073,4.32,5.35333333333333,28.3964285714286,28.5523188405797,35.6,23.2
"103","Q213",2019-06-11,"2019-06",54.695640086,"D",7651.69448300984,17.8704338651552,4.64666666666667,5.76,28.0270502645503,28.6489855072464,34.7,23.1
"104","Q213",2019-06-25,"2019-06",51.211604448,"D",7651.69448300984,16.7321122666726,7.34666666666667,6.03333333333333,27.8672883597884,28.3096169772257,34.7,22.9
"105","Q213",2019-07-09,"2019-07",54.461275411,"D",7651.69448300984,17.7938610630391,6.88181818181818,4.92,28.1203703703704,28.0721119929453,33.6,22.9
"106","Q213",2019-07-23,"2019-07",44.003760662,"D",7651.69448300984,14.3771293926162,0.375,7.34666666666667,28.725,27.9106216931217,33.4,24.6
"107","Q3",2018-08-15,"2018-08",55.465646404,"W",10947.6492916338,12.6661087066397,5.04666666666667,7.38,28.2716091954023,27.3033333333333,33.7,22.1
"108","Q3",2018-08-28,"2018-08",86.940984356,"W",10947.6492916338,19.8538019532743,2.98,5.76666666666667,28.1898850574713,27.99,33.7,22.1
"109","Q3",2018-09-12,"2018-09",93.007198796,"W",10947.6492916338,21.239079805716,3.83333333333333,4.80666666666667,27.5432183908046,28.1666666666667,33.7,22.1
"110","Q3",2018-09-26,"2018-09",59.559749171,"W",10947.6492916338,13.6010360727658,6.59333333333333,2.98,27.1633333333333,28.2032183908046,33.5,22.1
"111","Q3",2018-10-10,"2018-10",223.8477492,"W",10947.6492916338,51.11776584108,8.17333333333333,3.66666666666667,27.9733333333333,27.7298850574713,34.1,22.1
"112","Q3",2018-10-24,"2018-10",116.076541887,"W",10947.6492916338,26.5071840526774,8.62,6.59333333333333,27.9266666666667,27.1133333333333,34.1,22.9
"113","Q3",2018-11-06,"2018-11",72.3445483,"W",10947.6492916338,16.5205667383056,13.16,4.84666666666667,26.9608333333333,27.94,34.1,22.9
"114","Q3",2018-11-21,"2018-11",62.456558992,"W",10947.6492916338,14.262550189594,14.0533333333333,7.60666666666667,26.9158333333333,27.9033333333333,34.1,22.4
"115","Q3",2018-12-05,"2018-12",56.235270846,"W",10947.6492916338,12.8418597791983,11.5466666666667,12.9533333333333,27.01375,27.0020833333333,33.7,22.4
"116","Q3",2018-12-18,"2018-12",51.426492897,"W",10947.6492916338,11.7437295274658,7.49333333333333,13.88,26.9433333333333,27.0925,33.7,22.6
"117","Q3",2019-01-03,"2019-01",74.262937309,"W",10947.6492916338,16.9586491425497,5.47333333333333,11.8066666666667,27.4433333333333,26.9925,34.7,23.3
"118","Q3",2019-01-16,"2019-01",125.973346609,"W",10947.6492916338,28.7672136851491,2.60666666666667,7.92666666666667,28.1866666666667,26.93,34.7,23.3
"119","Q3",2019-01-29,"2019-01",84.02974157,"W",10947.6492916338,19.1889919314039,3.65333333333333,6.08666666666667,28.0366666666667,27.2466666666667,34.7,23.3
"120","Q3",2019-02-12,"2019-02",106.932519743,"W",10947.6492916338,24.4190594926891,2.89333333333333,3.32,27.9833333333333,28.0433333333333,34.6,23.3
"121","Q3",2019-02-26,"2019-02",125.27401341,"W",10947.6492916338,28.6075142875044,1.64,3.61333333333333,28.4585416666667,28.1166666666667,34.6,23.5
"122","Q3",2019-03-12,"2019-03",90.22909295,"W",10947.6492916338,20.60467287232,3.3,3.66666666666667,28.6491666666667,27.9866666666667,35,23.5
"123","Q3",2019-03-25,"2019-03",84.758277526,"W",10947.6492916338,19.3553600567869,5.16666666666667,1.64666666666667,28.7301388888889,28.3379166666667,35.3,22.9
"124","Q3",2019-04-09,"2019-04",93.083831201,"W",10947.6492916338,21.2565795453767,7.11333333333333,1.23333333333333,28.58,28.6647222222222,35.3,22.2
"125","Q3",2019-04-23,"2019-04",78.046204821,"W",10947.6492916338,17.8225943172666,3.05333333333333,5.09333333333333,28.5751207729469,28.728125,35.3,22.2
"126","Q3",2019-05-06,"2019-05",49.866132148,"W",10947.6492916338,11.3874062868702,3.83333333333333,7.11333333333333,28.665652173913,28.6,35.6,23.9
"127","Q3",2019-05-21,"2019-05",60.309749617,"W",10947.6492916338,13.7723058189051,7.37333333333333,3.04666666666667,28.3622256728778,28.5798550724638,35.6,23.2
"128","Q3",2019-06-03,"2019-06",53.962677525,"W",10947.6492916338,12.3228914462574,5.42666666666667,3.90666666666667,28.3396428571429,28.715652173913,34.7,23.1
"129","Q3",2019-06-17,"2019-06",44.284819525,"W",10947.6492916338,10.1128603833799,5.66,7.31333333333333,28.0006216931217,28.4587474120083,34.7,23.1
"130","Q3",2019-07-02,"2019-07",28.697373689,"W",10947.6492916338,6.55331864506535,7.06896551724138,4.86666666666667,27.8835249042146,28.3596428571429,33.6,22.9
"131","Q3",2019-07-14,"2019-07",31.522872442,"W",10947.6492916338,7.1985482002264,5.14117647058823,5.58,28.2411764705882,27.9803835978836,33.6,22.9
"132","Q3",2019-07-30,"2019-07",49.263266675,"W",10947.6492916338,11.2497362133822,0,6.92666666666667,28.5,27.8706216931217,32.1,25.9
"133","Q4",2018-08-02,"2018-08",57.25341028,"W",17616.0645439782,8.12517037177457,5.33333333333333,8.74666666666667,28.1433333333333,27.6,34,22.2
"134","Q4",2018-08-15,"2018-08",79.35940737,"W",17616.0645439782,11.2623632781148,5.04666666666667,7.38,28.2716091954023,27.3033333333333,33.7,22.1
"135","Q4",2018-08-28,"2018-08",127.45926847,"W",17616.0645439782,18.0884993001417,2.98,5.76666666666667,28.1898850574713,27.99,33.7,22.1
"136","Q4",2018-09-12,"2018-09",118.414200761,"W",17616.0645439782,16.8048601981137,3.83333333333333,4.80666666666667,27.5432183908046,28.1666666666667,33.7,22.1
"137","Q4",2018-09-26,"2018-09",102.761324131,"W",17616.0645439782,14.5834678163301,6.59333333333333,2.98,27.1633333333333,28.2032183908046,33.5,22.1
"138","Q4",2018-10-10,"2018-10",85.564878826,"W",17616.0645439782,12.1430184665237,8.17333333333333,3.66666666666667,27.9733333333333,27.7298850574713,34.1,22.1
"139","Q4",2018-10-24,"2018-10",51.692385367,"W",17616.0645439782,7.33597240716719,8.62,6.59333333333333,27.9266666666667,27.1133333333333,34.1,22.9
"140","Q4",2018-11-06,"2018-11",74.430803343,"W",17616.0645439782,10.5629159051366,13.16,4.84666666666667,26.9608333333333,27.94,34.1,22.9
"141","Q4",2018-11-22,"2018-11",72.665049087,"W",17616.0645439782,10.3123272660578,14.3866666666667,7.58,26.8291666666667,27.9766666666667,33.7,22.4
"142","Q4",2018-12-05,"2018-12",48.698393238,"W",17616.0645439782,6.91107726081858,11.5466666666667,12.9533333333333,27.01375,27.0020833333333,33.7,22.4
"143","Q4",2018-12-18,"2018-12",37.623178785,"W",17616.0645439782,5.33932801663426,7.49333333333333,13.88,26.9433333333333,27.0925,33.7,22.6
"144","Q4",2019-01-03,"2019-01",69.950199728,"W",17616.0645439782,9.92704692262149,5.47333333333333,11.8066666666667,27.4433333333333,26.9925,34.7,23.3
"145","Q4",2019-01-15,"2019-01",105.113147921,"W",17616.0645439782,14.917229052293,3.11333333333333,7.42,28.12,26.9733333333333,34.7,23.3
"146","Q4",2019-01-29,"2019-01",79.917511575,"W",17616.0645439782,11.3415671496161,3.65333333333333,6.08666666666667,28.0366666666667,27.2466666666667,34.7,23.3
"147","Q4",2019-02-12,"2019-02",99.295034413,"W",17616.0645439782,14.0915461233001,2.89333333333333,3.32,27.9833333333333,28.0433333333333,34.6,23.3
"148","Q4",2019-02-26,"2019-02",64.358230078,"W",17616.0645439782,9.13345740720507,1.64,3.61333333333333,28.4585416666667,28.1166666666667,34.6,23.5
"149","Q4",2019-03-12,"2019-03",83.092312614,"W",17616.0645439782,11.7921219587045,3.3,3.66666666666667,28.6491666666667,27.9866666666667,35,23.5
"150","Q4",2019-03-25,"2019-03",77.471592091,"W",17616.0645439782,10.9944522367061,5.16666666666667,1.64666666666667,28.7301388888889,28.3379166666667,35.3,22.9
"151","Q4",2019-04-09,"2019-04",103.136416571,"W",17616.0645439782,14.6366994048986,7.11333333333333,1.23333333333333,28.58,28.6647222222222,35.3,22.2
"152","Q4",2019-04-23,"2019-04",92.701108349,"W",17616.0645439782,13.1557630419628,3.05333333333333,5.09333333333333,28.5751207729469,28.728125,35.3,22.2
"153","Q4",2019-05-06,"2019-05",66.270685484,"W",17616.0645439782,9.40486527489674,3.83333333333333,7.11333333333333,28.665652173913,28.6,35.6,23.9
"154","Q4",2019-05-21,"2019-05",47.257888301,"W",17616.0645439782,6.70664667795432,7.37333333333333,3.04666666666667,28.3622256728778,28.5798550724638,35.6,23.2
"155","Q4",2019-06-03,"2019-06",40.592902446,"W",17616.0645439782,5.76077908102865,5.42666666666667,3.90666666666667,28.3396428571429,28.715652173913,34.7,23.1
"156","Q4",2019-06-17,"2019-06",53.907748071,"W",17616.0645439782,7.65036764261682,5.66,7.31333333333333,28.0006216931217,28.4587474120083,34.7,23.1
"157","Q4",2019-07-02,"2019-07",28.850278259,"W",17616.0645439782,4.09431377067447,7.06896551724138,4.86666666666667,27.8835249042146,28.3596428571429,33.6,22.9
"158","Q4",2019-07-14,"2019-07",61.309514637,"W",17616.0645439782,8.70079615170885,5.14117647058823,5.58,28.2411764705882,27.9803835978836,33.6,22.9
"159","Q4",2019-07-30,"2019-07",59.95074118,"W",17616.0645439782,8.50796456699142,0,6.92666666666667,28.5,27.8706216931217,32.1,25.9
"160","Q405",2018-08-07,"2018-08",52.135322103,"D",6165.32845878017,21.140529029217,4.8,9.35333333333333,28.1633333333333,27.36,34,22.2
"161","Q405",2018-08-21,"2018-08",85.461955963,"D",6165.32845878017,34.6542591097851,3.13333333333333,7.08,28.3632183908046,27.48,33.7,22.1
"162","Q405",2018-09-05,"2018-09",85.23714738,"D",6165.32845878017,34.563100713074,3.54666666666667,4.8,27.9665517241379,28.1533333333333,33.7,22.1
"163","Q405",2018-09-21,"2018-09",65.871147902,"D",6165.32845878017,26.7103157367843,6.37333333333333,3.04666666666667,27.14,28.3965517241379,33.5,22.1
"164","Q405",2018-10-02,"2018-10",53.040687345,"D",6165.32845878017,21.5076486596037,4.55333333333333,3.69333333333333,27.4566666666667,28.1498850574713,34,22.1
"165","Q405",2018-10-16,"2018-10",120.504484774,"D",6165.32845878017,48.8637732683922,10.5666666666667,3.59333333333333,27.7833333333333,27.4233333333333,34.1,22.1
"166","Q405",2018-10-31,"2018-10",126.609043229,"D",6165.32845878017,51.3391314329302,11.2333333333333,5.42666666666667,27.4766666666667,27.3433333333333,34.1,22.9
"167","Q405",2018-11-14,"2018-11",162.320250453,"D",6165.32845878017,65.8197902748541,12.6266666666667,10.56,27.1125,27.7933333333333,34.1,22.9
"168","Q405",2018-11-28,"2018-11",78.185364002,"D",6165.32845878017,31.70364909377,13.1866666666667,9.59333333333333,26.9191666666667,27.64,33.7,22.4
"169","Q405",2018-12-11,"2018-12",62.954069288,"D",6165.32845878017,25.5274596109903,9.35333333333333,10.9866666666667,27.0220833333333,27.06375,33.7,22.4
"170","Q405",2018-12-27,"2018-12",85.872467429,"D",6165.32845878017,34.8207187999478,6.91333333333333,13.4866666666667,27.1633333333333,26.9025,34.2,23.3
"171","Q405",2019-01-08,"2019-01",96.018581818,"D",6165.32845878017,38.9349012221961,3.88,10.7933333333333,27.7366666666667,26.9820833333333,34.7,23.3
"172","Q405",2019-01-22,"2019-01",94.67666905,"D",6165.32845878017,38.3907644511498,4.06666666666667,6.96666666666667,28.1333333333333,27.1666666666667,34.7,23.3
"173","Q405",2019-02-07,"2019-02",64.277485451,"D",6165.32845878017,26.0640961307833,3.28,3.88,27.9866666666667,27.7366666666667,34.2,23.3
"174","Q405",2019-02-19,"2019-02",85.89816057,"D",6165.32845878017,34.8311371990533,1.59333333333333,4.28666666666667,28.28375,28.1066666666667,34.6,23.5
"175","Q405",2019-03-12,"2019-03",79.391297759,"D",6165.32845878017,32.1926472732922,3.3,3.66666666666667,28.6491666666667,27.9866666666667,35,23.5
"176","Q405",2019-03-25,"2019-03",61.078329345,"D",6165.32845878017,24.7668594436429,5.16666666666667,1.64666666666667,28.7301388888889,28.3379166666667,35.3,22.9
"177","Q405",2019-04-09,"2019-04",61.893010805,"D",6165.32845878017,25.0972073989249,7.11333333333333,1.23333333333333,28.58,28.6647222222222,35.3,22.2
"178","Q405",2019-04-23,"2019-04",74.145932899,"D",6165.32845878017,30.0656864410068,3.05333333333333,5.09333333333333,28.5751207729469,28.728125,35.3,22.2
"179","Q405",2019-05-06,"2019-05",145.123323983,"D",6165.32845878017,58.846550087825,3.83333333333333,7.11333333333333,28.665652173913,28.6,35.6,23.9
"180","Q405",2019-05-21,"2019-05",119.334334186,"D",6165.32845878017,48.3892849277372,7.37333333333333,3.04666666666667,28.3622256728778,28.5798550724638,35.6,23.2
"181","Q405",2019-06-03,"2019-06",51.41094841,"D",6165.32845878017,20.8468002774389,5.42666666666667,3.90666666666667,28.3396428571429,28.715652173913,34.7,23.1
"182","Q405",2019-06-17,"2019-06",87.034144415,"D",6165.32845878017,35.2917711509161,5.66,7.31333333333333,28.0006216931217,28.4587474120083,34.7,23.1
"183","Q405",2019-07-02,"2019-07",52.444589393,"D",6165.32845878017,21.2659348742047,7.06896551724138,4.86666666666667,27.8835249042146,28.3596428571429,33.6,22.9
"184","Q405",2019-07-14,"2019-07",49.752622664,"D",6165.32845878017,20.1743601320812,5.14117647058823,5.58,28.2411764705882,27.9803835978836,33.6,22.9
"185","Q408",2018-08-07,"2018-08",60.661684766,"D",7016.00106353758,21.6154773269851,4.8,9.35333333333333,28.1633333333333,27.36,34,22.2
"186","Q408",2018-08-21,"2018-08",107.787359842,"D",7016.00106353758,38.4076908148486,3.13333333333333,7.08,28.3632183908046,27.48,33.7,22.1
"187","Q408",2018-09-05,"2018-09",97.916773303,"D",7016.00106353758,34.8905211160376,3.54666666666667,4.8,27.9665517241379,28.1533333333333,33.7,22.1
"188","Q408",2018-09-21,"2018-09",57.27695031,"D",7016.00106353758,20.4094005229241,6.37333333333333,3.04666666666667,27.14,28.3965517241379,33.5,22.1
"189","Q408",2018-10-02,"2018-10",56.8955936,"D",7016.00106353758,20.2735123201764,4.55333333333333,3.69333333333333,27.4566666666667,28.1498850574713,34,22.1
"190","Q408",2018-10-16,"2018-10",102.798528091,"D",7016.00106353758,36.6300286872988,10.5666666666667,3.59333333333333,27.7833333333333,27.4233333333333,34.1,22.1
"191","Q408",2018-10-31,"2018-10",82.922989921,"D",7016.00106353758,29.5478111997281,11.2333333333333,5.42666666666667,27.4766666666667,27.3433333333333,34.1,22.9
"192","Q408",2018-11-14,"2018-11",103.534285348,"D",7016.00106353758,36.8921998480273,12.6266666666667,10.56,27.1125,27.7933333333333,34.1,22.9
"193","Q408",2018-11-28,"2018-11",104.530265525,"D",7016.00106353758,37.2470958094091,13.1866666666667,9.59333333333333,26.9191666666667,27.64,33.7,22.4
"194","Q408",2018-12-11,"2018-12",66.788448542,"D",7016.00106353758,23.7986168820235,9.35333333333333,10.9866666666667,27.0220833333333,27.06375,33.7,22.4
"195","Q408",2018-12-27,"2018-12",82.142960816,"D",7016.00106353758,29.2698647249714,6.91333333333333,13.4866666666667,27.1633333333333,26.9025,34.2,23.3
"196","Q408",2019-01-08,"2019-01",114.838488185,"D",7016.00106353758,40.920207659966,3.88,10.7933333333333,27.7366666666667,26.9820833333333,34.7,23.3
"197","Q408",2019-01-22,"2019-01",113.718991863,"D",7016.00106353758,40.5212993958916,4.06666666666667,6.96666666666667,28.1333333333333,27.1666666666667,34.7,23.3
"198","Q408",2019-02-07,"2019-02",115.503603485,"D",7016.00106353758,41.1572070895473,3.28,3.88,27.9866666666667,27.7366666666667,34.2,23.3
"199","Q408",2019-02-19,"2019-02",95.071309933,"D",7016.00106353758,33.8766018819072,1.59333333333333,4.28666666666667,28.28375,28.1066666666667,34.6,23.5
"200","Q408",2019-03-04,"2019-03",164.007518551,"D",7016.00106353758,58.4405265427315,1.62666666666667,3.33333333333333,28.5913888888889,28.0133333333333,34.6,23.5
"201","Q408",2019-03-19,"2019-03",187.162258321,"D",7016.00106353758,66.6912164871558,3.33333333333333,2.02666666666667,28.7113888888889,28.1566666666667,35,23.5
"202","Q408",2019-04-02,"2019-04",107.925553424,"D",7016.00106353758,38.4569331042769,6.58,1.62666666666667,28.6233333333333,28.6047222222222,35.3,22.2
"203","Q408",2019-04-15,"2019-04",63.436278188,"D",7016.00106353758,22.6041435903141,5.53333333333333,3.33333333333333,28.47,28.6880555555556,35.3,22.2
"204","Q408",2019-04-29,"2019-04",175.926173675,"D",7016.00106353758,62.6874811170194,5.35333333333333,5.77333333333333,28.5789855072464,28.6990972222222,35.6,22.8
"205","Q408",2019-05-14,"2019-05",73.225208571,"D",7016.00106353758,26.0922168867513,6.3,5.28666666666667,28.605652173913,28.4966666666667,35.6,23.2
"206","Q408",2019-05-28,"2019-05",69.146227734,"D",7016.00106353758,24.6387604234254,4.32,5.35333333333333,28.3964285714286,28.5523188405797,35.6,23.2
"207","Q408",2019-06-11,"2019-06",97.365932148,"D",7016.00106353758,34.694240802647,4.64666666666667,5.76,28.0270502645503,28.6489855072464,34.7,23.1
"208","Q408",2019-06-25,"2019-06",86.783137167,"D",7016.00106353758,30.9232910532238,7.34666666666667,6.03333333333333,27.8672883597884,28.3096169772257,34.7,22.9
"209","Q408",2019-07-09,"2019-07",102.913444248,"D",7016.00106353758,36.6709765705585,6.88181818181818,4.92,28.1203703703704,28.0721119929453,33.6,22.9
"210","Q408",2019-07-23,"2019-07",92.315593681,"D",7016.00106353758,32.8946620891948,0.375,7.34666666666667,28.725,27.9106216931217,33.4,24.6
"211","Q6",2018-07-27,"2018-07",109.95717016,"W",21178.0180025815,12.9801063237594,6.64,11.7769230769231,27.77,27.8961538461538,34,22.2
"212","Q6",2018-08-13,"2018-08",167.44053197,"W",21178.0180025815,19.7658406879234,4.80666666666667,7.53333333333333,28.1666666666667,27.2633333333333,33.7,22.1
"213","Q6",2018-08-23,"2018-08",181.165752955,"W",21178.0180025815,21.3860608831427,3.89333333333333,6.98666666666667,28.3132183908046,27.5733333333333,33.7,22.1
"214","Q6",2018-08-27,"2018-08",51.7443259,"W",21178.0180025815,6.10825879618344,2.98,5.76666666666667,28.2032183908046,27.9133333333333,33.7,22.1
"215","Q6",2018-09-07,"2018-09",194.962884405,"W",21178.0180025815,23.0147698879605,3.54666666666667,4.8,27.8832183908046,28.1633333333333,33.7,22.1
"216","Q6",2018-09-18,"2018-09",145.97550181,"W",21178.0180025815,17.2319597839852,3.56666666666667,4.54666666666667,27.4066666666667,28.2932183908046,33.6,22.1
"217","Q6",2018-10-04,"2018-10",163.456042253,"W",21178.0180025815,19.2954839108498,4.56,3.72,27.6533333333333,28.0398850574713,34.1,22.1
"218","Q6",2018-10-19,"2018-10",143.39258442,"W",21178.0180025815,16.9270543167119,11.32,3.61333333333333,27.64,27.3366666666667,34.1,22.1
"219","Q6",2018-11-01,"2018-11",90.459252129,"W",21178.0180025815,10.6784369668084,11.24,4.55333333333333,27.4133333333333,27.4566666666667,34.1,22.9
"220","Q6",2018-11-17,"2018-11",94.836637741,"W",21178.0180025815,11.1951738979351,13.6333333333333,11.18,27.0691666666667,27.68,34.1,22.9
"221","Q6",2018-11-30,"2018-11",108.940925502,"W",21178.0180025815,12.8601417621706,12.3666666666667,11.2333333333333,26.9658333333333,27.4766666666667,33.7,22.4
"222","Q6",2018-12-14,"2018-12",99.610036779,"W",21178.0180025815,11.7586589980774,8.74666666666667,12.6266666666667,26.9666666666667,27.1125,33.7,22.4
"223","Q6",2018-12-27,"2018-12",94.846384512,"W",21178.0180025815,11.196324474325,6.91333333333333,13.4866666666667,27.1633333333333,26.9025,34.2,23.3
"224","Q6",2019-01-10,"2019-01",268.49781376,"W",21178.0180025815,31.6953425159133,4.12,9.35333333333333,27.7933333333333,27.0220833333333,34.7,23.3
"225","Q6",2019-01-24,"2019-01",195.787587852,"W",21178.0180025815,23.1121235977009,3.62666666666667,7.30666666666667,28.1666666666667,27.15,34.7,23.3
"226","Q6",2019-02-07,"2019-02",176.765928663,"W",21178.0180025815,20.8666751347379,3.28,3.88,27.9866666666667,27.7366666666667,34.2,23.3
"227","Q6",2019-02-19,"2019-02",232.73624292,"W",21178.0180025815,27.473798880947,1.59333333333333,4.28666666666667,28.28375,28.1066666666667,34.6,23.5
"228","Q6",2019-03-04,"2019-03",157.621206837,"W",21178.0180025815,18.6066995053298,1.62666666666667,3.33333333333333,28.5913888888889,28.0133333333333,34.6,23.5
"229","Q6",2019-03-19,"2019-03",171.937029821,"W",21178.0180025815,20.2966384531406,3.33333333333333,2.02666666666667,28.7113888888889,28.1566666666667,35,23.5
"230","Q6",2019-04-02,"2019-04",155.246312352,"W",21178.0180025815,18.3263505032761,6.58,1.62666666666667,28.6233333333333,28.6047222222222,35.3,22.2
"231","Q6",2019-04-15,"2019-04",117.713200386,"W",21178.0180025815,13.8956818777436,5.53333333333333,3.33333333333333,28.47,28.6880555555556,35.3,22.2
"232","Q6",2019-04-29,"2019-04",153.985450797,"W",21178.0180025815,18.1775096680706,5.35333333333333,5.77333333333333,28.5789855072464,28.6990972222222,35.6,22.8
"233","Q6",2019-05-14,"2019-05",102.94686481,"W",21178.0180025815,12.1525613017057,6.3,5.28666666666667,28.605652173913,28.4966666666667,35.6,23.2
"234","Q6",2019-05-28,"2019-05",84.630256039,"W",21178.0180025815,9.99034187579355,4.32,5.35333333333333,28.3964285714286,28.5523188405797,35.6,23.2
"235","Q6",2019-06-11,"2019-06",92.823722411,"W",21178.0180025815,10.9575554237046,4.64666666666667,5.76,28.0270502645503,28.6489855072464,34.7,23.1
"236","Q6",2019-06-25,"2019-06",61.699940287,"W",21178.0180025815,7.28348850674777,7.34666666666667,6.03333333333333,27.8672883597884,28.3096169772257,34.7,22.9
"237","Q6",2019-07-09,"2019-07",108.208146987,"W",21178.0180025815,12.7736395084056,6.88181818181818,4.92,28.1203703703704,28.0721119929453,33.6,22.9
"238","Q6",2019-07-23,"2019-07",167.930119269,"W",21178.0180025815,19.8236349653364,0.375,7.34666666666667,28.725,27.9106216931217,33.4,24.6
"239","Q9",2018-08-13,"2018-08",178.41350978,"W",16779.5762300517,26.5819451179683,4.80666666666667,7.53333333333333,28.1666666666667,27.2633333333333,33.7,22.1
"240","Q9",2018-08-23,"2018-08",163.861501463,"W",16779.5762300517,24.4138319133366,3.89333333333333,6.98666666666667,28.3132183908046,27.5733333333333,33.7,22.1
"241","Q9",2018-09-07,"2018-09",73.160949523,"W",16779.5762300517,10.9002975581664,3.54666666666667,4.8,27.8832183908046,28.1633333333333,33.7,22.1
"242","Q9",2018-09-18,"2018-09",58.771915975,"W",16779.5762300517,8.75646607060035,3.56666666666667,4.54666666666667,27.4066666666667,28.2932183908046,33.6,22.1
"243","Q9",2018-10-04,"2018-10",110.884864767,"W",16779.5762300517,16.5208082800698,4.56,3.72,27.6533333333333,28.0398850574713,34.1,22.1
"244","Q9",2018-10-19,"2018-10",91.6536014,"W",16779.5762300517,13.6555298154448,11.32,3.61333333333333,27.64,27.3366666666667,34.1,22.1
"245","Q9",2018-11-01,"2018-11",96.357762478,"W",16779.5762300517,14.3564058407843,11.24,4.55333333333333,27.4133333333333,27.4566666666667,34.1,22.9
"246","Q9",2018-11-17,"2018-11",92.808265992,"W",16779.5762300517,13.8275640456556,13.6333333333333,11.18,27.0691666666667,27.68,34.1,22.9
"247","Q9",2018-11-30,"2018-11",102.997850411,"W",16779.5762300517,15.3457168701516,12.3666666666667,11.2333333333333,26.9658333333333,27.4766666666667,33.7,22.4
"248","Q9",2018-12-14,"2018-12",83.390032099,"W",16779.5762300517,12.4243352388201,8.74666666666667,12.6266666666667,26.9666666666667,27.1125,33.7,22.4
"249","Q9",2018-12-27,"2018-12",51.609220753,"W",16779.5762300517,7.68929144059214,6.91333333333333,13.4866666666667,27.1633333333333,26.9025,34.2,23.3
"250","Q9",2019-01-11,"2019-01",131.35438104,"W",16779.5762300517,19.570574852294,3.58666666666667,8.72,27.89,27.0154166666667,34.7,23.3
"251","Q9",2019-01-24,"2019-01",152.988153723,"W",16779.5762300517,22.7938047459451,3.62666666666667,7.30666666666667,28.1666666666667,27.15,34.7,23.3
"252","Q9",2019-02-07,"2019-02",115.233332861,"W",16779.5762300517,17.1686893758706,3.28,3.88,27.9866666666667,27.7366666666667,34.2,23.3
"253","Q9",2019-02-19,"2019-02",90.878789774,"W",16779.5762300517,13.5400901262391,1.59333333333333,4.28666666666667,28.28375,28.1066666666667,34.6,23.5
"254","Q9",2019-03-04,"2019-03",91.512465251,"W",16779.5762300517,13.6345018486081,1.62666666666667,3.33333333333333,28.5913888888889,28.0133333333333,34.6,23.5
"255","Q9",2019-03-19,"2019-03",128.580179531,"W",16779.5762300517,19.1572447611515,3.33333333333333,2.02666666666667,28.7113888888889,28.1566666666667,35,23.5
"256","Q9",2019-04-02,"2019-04",123.568148614,"W",16779.5762300517,18.4104990078196,6.58,1.62666666666667,28.6233333333333,28.6047222222222,35.3,22.2
"257","Q9",2019-04-15,"2019-04",222.219237506,"W",16779.5762300517,33.108589045892,5.53333333333333,3.33333333333333,28.47,28.6880555555556,35.3,22.2
"258","Q9",2019-04-29,"2019-04",110.219199462,"W",16779.5762300517,16.4216303723751,5.35333333333333,5.77333333333333,28.5789855072464,28.6990972222222,35.6,22.8
"259","Q9",2019-05-14,"2019-05",61.56989933,"W",16779.5762300517,9.1733394344802,6.3,5.28666666666667,28.605652173913,28.4966666666667,35.6,23.2
"260","Q9",2019-05-28,"2019-05",42.528187986,"W",16779.5762300517,6.33630244931831,4.32,5.35333333333333,28.3964285714286,28.5523188405797,35.6,23.2
"261","Q9",2019-06-11,"2019-06",46.3959847,"W",16779.5762300517,6.91256800289542,4.64666666666667,5.76,28.0270502645503,28.6489855072464,34.7,23.1
"262","Q9",2019-06-25,"2019-06",69.385419182,"W",16779.5762300517,10.3377788316449,7.34666666666667,6.03333333333333,27.8672883597884,28.3096169772257,34.7,22.9
"263","Q9",2019-07-09,"2019-07",67.528934857,"W",16779.5762300517,10.061180021945,6.88181818181818,4.92,28.1203703703704,28.0721119929453,33.6,22.9
"264","Q9",2019-07-23,"2019-07",86.994785301,"W",16779.5762300517,12.9614097680839,0.375,7.34666666666667,28.725,27.9106216931217,33.4,24.6
