"","plot","species","litter.collection","ten.ba","start","duration","litter.production","code","SSI","iv.wet","CNratio"
"3","Q107","Adenanthera malayana",342.876319572,2951.28282461696,"2018-07-28",346,90.4261969969509,"AMA",0,0,23.6731201933333
"12","Q10","Alstonia pneumatophora",135.083678456,1385.4423602331,"2018-10-24",279,44.1805937602509,"APN",1,0.0476190476190476,NA
"26","Q4","Aporosa falcifera",34.698847961,502.725510409073,"2019-01-15",196,16.1544381451084,"AFA",1,0.177990415907037,29.143333335
"31","Q1","Aporosa frutescens",77.35295084,58.1194640914112,"2018-08-21",343,20.5785911491254,"AFR",0.282955304931069,0.162521153093187,20.676469625
"32","Q10","Aporosa frutescens",8.658048228,24.630086404144,"2018-08-21",343,2.30334373412536,"AFR",0.282955304931069,0.162521153093187,20.676469625
"33","Q107","Aporosa frutescens",0.16,188.149984023493,"2018-08-21",343,0.0425655976676385,"AFR",0.282955304931069,0.162521153093187,20.676469625
"34","Q213","Aporosa frutescens",99.884964466,62.3449062104894,"2018-08-21",343,26.5728950656633,"AFR",0.282955304931069,0.162521153093187,20.676469625
"37","Q405","Aporosa frutescens",0.64,59.4546409691868,"2018-08-21",343,0.170262390670554,"AFR",0.282955304931069,0.162521153093187,20.676469625
"38","Q408","Aporosa frutescens",8.030057532,87.3755456779661,"2018-08-21",343,2.13627623846939,"AFR",0.282955304931069,0.162521153093187,20.676469625
"43","Q107","Aporosa prainiana",120.689457903,247.251195819151,"2018-10-19",277,39.7578087857356,"APR",0,0,NA
"51","Q1","Archidendron clypearia",0.23,72.3822947387088,"2018-08-21",336,0.0624627976190476,"ACL",0.243420319060811,0.144725377516624,23.7772643625
"54","Q213","Archidendron clypearia",212.479561805,245.209160594317,"2018-08-21",336,57.7046429009115,"ACL",0.243420319060811,0.144725377516624,23.7772643625
"57","Q405","Archidendron clypearia",78.581639859,325.0291759404,"2018-08-21",336,21.3409959438504,"ACL",0.243420319060811,0.144725377516624,23.7772643625
"69","Q6","Artocarpus kemando",589.923485255,1862.43822680927,"2018-07-27",361,149.115008392019,"AKE",1,0.0952380952380952,46.75268817
"71","Q1","Bhesa paniculata",457.078961297,3776.45355100885,"2018-08-16",348,119.851882811354,"BPA",0.338168302650158,0.105381226890894,26.0771882025
"72","Q10","Bhesa paniculata",23.22,248.845554090848,"2018-08-16",348,6.0885775862069,"BPA",0.338168302650158,0.105381226890894,26.0771882025
"75","Q3","Bhesa paniculata",3.52,463.769761504559,"2018-08-16",348,0.922988505747126,"BPA",0.338168302650158,0.105381226890894,26.0771882025
"77","Q405","Bhesa paniculata",258.066147866,892.510764921592,"2018-08-16",348,67.668206875783,"BPA",0.338168302650158,0.105381226890894,26.0771882025
"84","Q213","Calophyllum tetrapterum var. tetrapterum",145.922394635,490.873852123405,"2018-08-07",350,38.0440528869822,"CTE",0.240553337946497,0.0450007742571174,49.83720091
"102","Q10","Campnosperma squamatum",799.77101998,3831.72987374876,"2018-07-27",368,198.312786883628,"CSQ",0.905500526667106,0.554813923856299,50.2334754775
"108","Q408","Campnosperma squamatum",5.4,51.5299735005066,"2018-07-27",368,1.33899456521739,"CSQ",0.905500526667106,0.554813923856299,50.2334754775
"109","Q6","Campnosperma squamatum",418.45536185,789.238760416462,"2018-07-27",368,103.761010241338,"CSQ",0.905500526667106,0.554813923856299,50.2334754775
"110","Q9","Campnosperma squamatum",525.079236141,709.921399894954,"2018-07-27",368,130.199674722463,"CSQ",0.905500526667106,0.554813923856299,50.2334754775
"111","Q1","Canarium pilosum",110.583288322,232.352192659501,"2018-08-16",348,28.9963363775359,"CPI",0.0685745960881169,0.00297388323132215,39.78792643
"129","Q6","Diospyros maingayi",488.004965277,2884.26479933425,"2018-07-27",361,123.353055627497,"DMA",0.687704676001124,0.06341115631229,59.73221457
"131","Q1","Elaeocarpus mastersii",0.23,145.267244301992,"2018-09-12",321,0.0653816199376947,"EMA",0.365919054768178,0.292976770796375,33.139649925
"132","Q10","Elaeocarpus mastersii",95.018607384,871.532779977246,"2018-09-12",321,27.0107411956075,"EMA",0.365919054768178,0.292976770796375,33.139649925
"134","Q213","Elaeocarpus mastersii",0.06,141.026094219646,"2018-09-12",321,0.0170560747663551,"EMA",0.365919054768178,0.292976770796375,33.139649925
"151","Q1","Gironniera nervosa",171.777246865,78.5398163397448,"2018-07-28",367,42.7102827695674,"GNE",0.0586369489581534,0.0642364091693186,20.72142869
"152","Q10","Gironniera nervosa",2.43,114.668131856027,"2018-07-28",367,0.604189373297003,"GNE",0.0586369489581534,0.0642364091693186,20.72142869
"153","Q107","Gironniera nervosa",137.09350495,88.6007668128661,"2018-07-28",367,34.0866003451976,"GNE",0.0586369489581534,0.0642364091693186,20.72142869
"154","Q213","Gironniera nervosa",108.047640705,362.492668334458,"2018-07-28",367,26.8647063060797,"GNE",0.0586369489581534,0.0642364091693186,20.72142869
"157","Q405","Gironniera nervosa",13.1,66.2404811009408,"2018-07-28",367,3.25715258855586,"GNE",0.0586369489581534,0.0642364091693186,20.72142869
"158","Q408","Gironniera nervosa",279.530106392,183.736046345199,"2018-07-28",367,69.5016953903815,"GNE",0.0586369489581534,0.0642364091693186,20.72142869
"169","Q6","Gluta wallichii",5.82,36.316811075498,"2018-08-13",344,1.5438226744186,"GWA",0.96976519960283,0.230163953863944,48.32411271
"170","Q9","Gluta wallichii",332.563086414,3178.79696458993,"2018-08-13",344,88.2162256839462,"GWA",0.96976519960283,0.230163953863944,48.32411271
"172","Q10","Gynotroches axillaris",39.163514953,1507.76812418225,"2019-01-29",182,19.6355535135234,"GAX",0.520733439769056,0.282280986743332,29.169451565
"180","Q9","Gynotroches axillaris",3.59,299.974974528021,"2019-01-29",182,1.79993131868132,"GAX",0.520733439769056,0.282280986743332,29.169451565
"181","Q1","Hevea brasiliensis",13.780112359,111.220233918713,"2019-03-25",127,9.90106498235236,"HBR",0,0,12.87183612
"193","Q107","Knema malayana",3.685,514.380819153891,"2018-07-28",95,3.53953947368421,"KMA",0.190525806774864,0.0250808851081664,24.68770032
"198","Q408","Knema malayana",0.45,92.8419168952123,"2018-07-28",95,0.432236842105263,"KMA",0.190525806774864,0.0250808851081664,24.68770032
"207","Q405","Lindera lucida",144.080287086,620.158243800259,"2018-10-16",287,45.8094989428484,"LLU",0.0585633518731822,0.0351495806388724,25.60077051
"218","Q408","Lithocarpus ewyckii",805.56906646,156.019345158903,"2018-08-07",350,210.023363755643,"LEW",0,0,32.8977358375
"227","Q405","Litsea firma",28.928088935,886.683110549183,"2018-09-05",321,8.22332746205218,"LFI",0.0195746204732804,0.0665101096776965,28.65178571
"236","Q4","Lophopetalum multinervium",125.895003675,1770.75084521425,"2018-09-26",307,37.4199318740839,"LMU",0.972884090405736,0.230979782103211,31.25958531
"239","Q6","Lophopetalum multinervium",20.88,1981.48102643542,"2018-09-26",307,6.20618892508143,"LMU",0.972884090405736,0.230979782103211,31.25958531
"240","Q9","Lophopetalum multinervium",275.304768305,2903.31855877828,"2018-09-26",307,81.8291860189943,"LMU",0.972884090405736,0.230979782103211,31.25958531
"245","Q3","Maasia glauca",97.123920124,673.785230397037,"2018-08-28",336,26.3766598551042,"MGL",0.982401845850835,0.186778166276357,45.217783395
"252","Q10","Madhuca tomentosa",4.35,162.860163162095,"2018-08-13",351,1.13087606837607,"MTO",1,0.285714285714286,37.6192769928571
"255","Q3","Madhuca tomentosa",198.645092824,4312.30715595003,"2018-08-13",351,51.642064729886,"MTO",1,0.285714285714286,37.6192769928571
"256","Q4","Madhuca tomentosa",124.143146379,1214.86173312481,"2018-08-13",351,32.2736812167628,"MTO",1,0.285714285714286,37.6192769928571
"260","Q9","Madhuca tomentosa",24.21391577,572.55526111674,"2018-08-13",351,6.29492824504986,"MTO",1,0.285714285714286,37.6192769928571
"267","Q405","Mallotus paniculatus",2.937532967,51.5299735005066,"2018-08-21",71,3.77535046815141,"MPA",0,0,16.176714515
"274","Q213","Pentace triptera",392.063999636,467.594650560305,"2018-09-05",321,111.451214849798,"PTR",0.0229422667950699,0.00359093370117189,46.37354942
"278","Q408","Pentace triptera",4.62133125,36.316811075498,"2018-09-05",321,1.31369618866822,"PTR",0.0229422667950699,0.00359093370117189,46.37354942
"285","Q3","Pometia pinnata",3.56,22.0618344098343,"2018-07-27",368,0.882744565217391,"PPI",1,0.571428571428571,43.1445102925
"286","Q4","Pometia pinnata",2.364705882,24.630086404144,"2018-07-27",368,0.586357097099185,"PPI",1,0.571428571428571,43.1445102925
"289","Q6","Pometia pinnata",583.30559968,6402.14171300776,"2018-07-27",368,144.637597746739,"PPI",1,0.571428571428571,43.1445102925
"290","Q9","Pometia pinnata",108.094540955,1017.87601976309,"2018-07-27",368,26.8033338645211,"PPI",1,0.571428571428571,43.1445102925
"291","Q1","Prunus polystachya",852.510961535,1606.02143442327,"2018-08-21",343,226.79774122469,"PPO",0.150964582423592,0.0514878792306794,34.82430529
"294","Q213","Prunus polystachya",729.318442336,1431.37244482858,"2018-08-21",343,194.024221175394,"PPO",0.150964582423592,0.0514878792306794,34.82430529
"298","Q408","Prunus polystachya",317.748517611,38.484510006475,"2018-08-21",343,84.5322222507398,"PPO",0.150964582423592,0.0514878792306794,34.82430529
"301","Q1","Pternandra echinata",32.261677811,777.858341028833,"2018-09-05",328,8.97523811052972,"PEC",0.0272295127595622,0.0438311053718851,28.903591955
"314","Q213","Rhodamnia cinerea",129.441660892,2398.61384499744,"2018-08-07",350,33.7472901611286,"RCI",0.0317664722738787,0.0676002034514195,47.760605975
"317","Q405","Rhodamnia cinerea",16.16116518,1497.03958527024,"2018-08-07",350,4.21344663621429,"RCI",0.0317664722738787,0.0676002034514195,47.760605975
"318","Q408","Rhodamnia cinerea",153.175233561,2738.25928075867,"2018-08-07",350,39.934971606975,"RCI",0.0317664722738787,0.0676002034514195,47.760605975
"325","Q3","Sterculia cordata",91.395461269,359.680942909495,"2018-10-10",286,29.1602651776093,"SCO",1,0.0476190476190476,NA
"326","Q4","Sterculia cordata",2.76,320.473866592695,"2018-10-10",286,0.880594405594406,"SCO",1,0.0476190476190476,NA
"339","Q6","Sterculia macrophylla",18.54551797,498.759249683916,"2018-07-27",368,4.59858292055027,"SMA",1,0.0952380952380952,NA
"341","Q1","Timonius wallichianus",68.999926457,340.760701153251,"2018-10-16",287,21.9381299275305,"TWA",0.0815290886751709,0.118450567838319,24.92279412
"342","Q10","Timonius wallichianus",6.24815534,70.9057461915216,"2018-10-16",287,1.98656506890244,"TWA",0.0815290886751709,0.118450567838319,24.92279412
"344","Q213","Timonius wallichianus",33.102113845,37.3928065593525,"2018-10-16",287,10.5246267886977,"TWA",0.0815290886751709,0.118450567838319,24.92279412
"347","Q405","Timonius wallichianus",29.894946794,259.699756709,"2018-10-16",287,9.50492646324913,"TWA",0.0815290886751709,0.118450567838319,24.92279412
"348","Q408","Timonius wallichianus",54.338636874,59.4467869875528,"2018-10-16",287,17.2766571942596,"TWA",0.0815290886751709,0.118450567838319,24.92279412
"351","Q1","Xanthophyllum flavescens",269.233942841,998.853676245607,"2018-08-16",348,70.5965439202335,"XFL",0.543989976966244,0.212589875017312,19.937169915
"352","Q10","Xanthophyllum flavescens",13.518402028,88.1609438413636,"2018-08-16",348,3.54469593406609,"XFL",0.543989976966244,0.212589875017312,19.937169915
"355","Q3","Xanthophyllum flavescens",67.831552091,1827.3073669605,"2018-08-16",348,17.786290598574,"XFL",0.543989976966244,0.212589875017312,19.937169915
"356","Q4","Xanthophyllum flavescens",86.332170252,617.236562632421,"2018-08-16",348,22.63738659625,"XFL",0.543989976966244,0.212589875017312,19.937169915
"357","Q405","Xanthophyllum flavescens",16.660402384,118.021782013735,"2018-08-16",348,4.36856815385057,"XFL",0.543989976966244,0.212589875017312,19.937169915
