Date Collected,Date Processed,SPECIES,TREE_ID,LEAF_NO,MESOPHYLL_THICKNESS_1_mm,MESOPHYLL_THICKNESS_2_mm,MESOPHYLL_THICKNESS_3_mm,LEAF AREA_cm2,SLA_cm2.g-1,LEAF WET WT_g,LEAF DRY WT,LDMC
20191126,20191126,HBR,HBR01,1,0.13,0.128,0.134,377.366,184.2157676,4.667,2.0485,0.438932933
20191126,20191126,HBR,HBR01,2,0.117,0.121,0.125,179.005,203.8781321,2.0799,0.878,0.42213568
20191126,20191126,HBR,HBR01,3,0.138,0.128,0.127,235.523,182.8736703,2.9825,1.2879,0.431818944
20191126,20191126,HBR,HBR01,4,0.139,0.139,0.145,275.241,186.1497362,3.3912,1.4786,0.436010852
20191126,20191126,HBR,HBR01,5,0.133,0.132,0.133,372.651,181.4711468,4.6537,2.0535,0.441261792
20191126,20191126,LFI,LFI01,1,0.304,0.326,0.3,30.427,74.66748466,0.7711,0.4075,0.528465828
20191126,20191126,LFI,LFI01,2,0.302,0.305,0.291,47.107,95.01210165,0.9188,0.4958,0.539616892
20191126,20191126,LFI,LFI01,3,0.313,0.294,0.299,38.604,121.702396,0.5934,0.3172,0.53454668
20191126,20191126,LFI,LFI01,4,0.331,0.31,0.331,51.788,91.16000704,1.019,0.5681,0.55750736
20191126,20191126,LFI,LFI01,5,0.294,0.314,0.296,29.91,89.92784125,0.5957,0.3326,0.558334732
20191126,20191126,LFI,LFI02,1,0.277,0.285,0.273,32.344,108.0293921,0.5779,0.2994,0.518082713
20191126,20191126,LFI,LFI02,2,0.303,0.344,0.308,29.362,115.5984252,0.5293,0.254,0.479879086
20191126,20191126,LFI,LFI02,3,0.304,0.291,0.3,33.227,100.9019131,0.6527,0.3293,0.504519687
20191126,20191126,LFI,LFI02,4,0.323,0.322,0.339,48.733,96.71164914,0.9806,0.5039,0.51386906
20191126,20191126,LFI,LFI02,5,0.308,0.325,0.282,77.439,100.6224012,1.4527,0.7696,0.529772148
20191126,20191126,HBR,HBR02,1,0.105,0.119,0.117,238.533,247.5692787,2.0506,0.9635,0.469862479
20191126,20191126,HBR,HBR02,2,0.12,0.116,0.114,199.744,256.5095672,1.6989,0.7787,0.458355406
20191126,20191126,HBR,HBR02,3,0.122,0.195,0.113,228.725,264.5442979,1.9528,0.8646,0.442748873
20191126,20191126,HBR,HBR02,4,0.127,0.117,0.117,360.587,250.8780352,3.2183,1.4373,0.446602243
20191126,20191126,HBR,HBR02,5,0.123,0.124,0.125,389.546,250.3187251,3.2785,1.5562,0.474668293
20191126,20191126,LLU,LLU01,1,0.315,0.339,0.287,45.923,95.55347482,1.161,0.4806,0.413953488
20191126,20191126,LLU,LLU01,2,0.291,0.294,0.306,39.535,100.1900659,0.9485,0.3946,0.416025303
20191126,20191126,LLU,LLU01,3,0.335,0.331,0.31,46.971,88.72497167,1.2616,0.5294,0.419625872
20191126,20191126,LLU,LLU01,4,0.293,0.278,0.268,53.574,101.1593656,1.2827,0.5296,0.412879083
20191126,20191126,LLU,LLU01,5,0.288,0.298,0.313,62.967,97.79002951,1.4945,0.6439,0.430846437
20191126,20191126,LLU,LLU02,1,0.219,0.239,0.224,79.296,203.688672,1.3328,0.3893,0.292091837
20191126,20191126,LLU,LLU02,2,0.214,0.224,0.217,64.231,204.6876992,1.108,0.3138,0.283212996
20191126,20191126,LLU,LLU02,3,0.223,0.226,0.228,56.28,193.2028836,0.9631,0.2913,0.302460804
20191126,20191126,LLU,LLU02,4,0.211,0.235,0.222,66.058,188.0922551,1.1146,0.3512,0.315090615
20191126,20191126,LLU,LLU02,5,0.22,0.194,0.222,35.444,172.8132618,0.5744,0.2051,0.357068245
20191126,20191126,EST,EST01,1,0.281,0.255,0.281,97.082,131.8511476,1.5547,0.7363,0.473596192
20191126,20191126,EST,EST01,2,0.292,0.253,0.27,77.834,119.2127431,1.2896,0.6529,0.506281017
20191126,20191126,EST,EST01,3,0.286,0.286,0.295,122.383,123.8067779,1.9804,0.9885,0.499141588
20191126,20191126,EST,EST01,4,0.28,0.29,0.221,113.583,118.9599916,1.8875,0.9548,0.505854305
20191126,20191126,EST,EST01,5,0.247,0.224,0.2,122.332,157.29973,1.695,0.7777,0.458820059
20191205,20191215,GWA,GWA01,1,0.316,0.34,0.333,128.157,62.55833252,4.3703,2.0486,0.468755005
20191205,20191215,GWA,GWA01,2,0.277,0.26,0.294,143.077,68.13190476,4.419,2.1,0.475220638
20191205,20191215,GWA,GWA01,3,0.227,0.297,0.255,90.806,81.20729744,2.4625,1.1182,0.454091371
20191205,20191215,GWA,GWA01,4,0.279,0.315,0.273,108.162,68.51333376,3.3126,1.5787,0.476574292
20191205,20191215,GWA,GWA01,5,0.282,0.272,0.251,92.501,82.17198188,2.5453,1.1257,0.442266138
20191205,20191215,LEW,LEW01,1,0.267,0.282,0.284,14.073,66.41340255,0.4014,0.2119,0.527902342
20191205,20191215,LEW,LEW01,2,0.273,0.271,0.268,25.887,68.92172524,0.7125,0.3756,0.527157895
20191205,20191215,LEW,LEW01,3,0.304,0.315,0.276,34.858,58.79237645,1.73,0.5929,0.342716763
20191205,20191215,LEW,LEW01,4,0.327,0.337,0.339,33.808,55.84407004,1.0918,0.6054,0.554497161
20191205,20191215,LEW,LEW01,5,0.302,0.293,0.298,38.481,63.92192691,1.1421,0.602,0.527099203
20191219,20191219,HBR,HBR03,1,0.139,0.148,0.148,218.126,232.866446,2.5287,0.9367,0.370427492
20191219,20191219,HBR,HBR03,2,0.149,0.139,0.157,388.056,234.6734398,4.5137,1.6536,0.36635133
20191219,20191219,HBR,HBR03,3,0.14,0.157,0.156,649.967,225.6046512,7.6821,2.881,0.375027662
20191219,20191219,HBR,HBR03,4,0.17,0.163,0.14,642.025,249.2333075,7.2173,2.576,0.356920178
20191219,20191219,HBR,HBR03,5,0.152,0.117,0.141,714.075,234.1690169,8.1556,3.0494,0.373902595
20191219,20191219,MPA,MPA01,1,0.256,0.252,0.268,27.935,166.5772212,0.3511,0.1677,0.477641698
20191219,20191219,MPA,MPA01,2,0.244,0.238,0.259,20.45,143.3076384,0.2865,0.1427,0.498080279
20191219,20191219,MPA,MPA01,3,0.234,0.233,0.296,21.754,161.1407407,0.2787,0.135,0.484391819
20191219,20191219,MPA,MPA01,4,0.244,0.24,0.238,19.382,140.2460203,0.2705,0.1382,0.51090573
20191219,20191219,MPA,MPA01,5,0.235,0.257,0.248,20.879,159.1387195,0.2811,0.1312,0.466737816
20191219,20191219,LFI,LFI03,1,0.313,0.35,0.329,137.129,126.6312679,2.8934,1.0829,0.37426557
20191219,20191219,LFI,LFI03,2,0.303,0.276,0.301,65.922,106.6871662,1.3909,0.6179,0.444244734
20191219,20191219,LFI,LFI03,3,0.289,0.32,0.317,84.277,113.9494321,1.7393,0.7396,0.42522854
20191219,20191219,LFI,LFI03,4,0.323,0.295,0.308,80.344,147.8270469,1.4969,0.5435,0.363083706
20191219,20191219,LFI,LFI03,5,0.275,0.297,0.319,104.704,138.1866174,2.0115,0.7577,0.376684067
20191226,20191227,HBR,HBR04,1,0.133,0.141,0.138,488.421,224.0155025,4.2393,2.1803,0.514306607
20191226,20191227,HBR,HBR04,2,0.141,0.144,0.139,400.549,225.4581785,3.9967,1.7766,0.444516726
20191226,20191227,HBR,HBR04,3,0.165,0.133,0.129,199.124,218.0985761,1.8725,0.913,0.487583445
20191226,20191227,HBR,HBR04,4,0.139,0.125,0.143,368.894,223.3149706,3.4249,1.6519,0.482320652
20191226,20191227,HBR,HBR04,5,0.121,0.131,0.132,253.499,210.302804,2.0257,1.2054,0.595053562
20191226,20191227,CTE,CTE01,1,0.177,0.181,0.172,14.86,139.0084191,0.2063,0.1069,0.518177412
20191226,20191227,CTE,CTE01,2,0.188,0.201,0.189,6.953,107.1340524,0.1185,0.0649,0.547679325
20191226,20191227,CTE,CTE01,3,0.194,0.204,0.194,10.319,109.3114407,0.1736,0.0944,0.543778802
20191226,20191227,CTE,CTE01,4,0.239,0.209,0.218,13.831,97.40140845,0.2612,0.142,0.543644717
20191226,20191227,CTE,CTE01,5,0.197,0.187,0.188,13.038,120.1658986,0.2137,0.1085,0.507721104
20191226,20191227,EST,EST02,1,0.235,0.233,0.227,54.585,126.9418605,1.025,0.43,0.419512195
20191226,20191227,EST,EST02,2,0.217,0.213,0.209,39.304,136.614529,0.6884,0.2877,0.417925625
20191226,20191227,EST,EST02,3,0.221,0.224,0.215,54.542,109.9193873,1.0417,0.4962,0.476336757
20191226,20191227,EST,EST02,4,0.218,0.225,0.223,54.403,119.278667,0.9779,0.4561,0.466407608
20191226,20191227,EST,EST02,5,0.287,0.261,0.268,28.869,93.42718447,0.6375,0.309,0.484705882
20191226,20191227,LLU,LLU03,1,0.307,0.27,0.325,65.39,101.8060097,1.5215,0.6423,0.422149195
20191226,20191227,LLU,LLU03,2,0.357,0.333,0.338,98.458,80.73636736,2.7725,1.2195,0.439855726
20191226,20191227,LLU,LLU03,3,0.404,0.4,0.305,76.969,78.81322957,2.5316,0.9766,0.385763944
20191226,20191227,LLU,LLU03,4,0.413,0.398,0.352,85.346,78.63091948,2.6282,1.0854,0.412982269
20191226,20191227,LLU,LLU03,5,0.369,0.376,0.361,69.441,78.16411526,2.2164,0.8884,0.400830175
20191230,20191230,GWA,GWA02,1,0.307,0.566,0.275,138.41,86.00633816,3.5652,1.6093,0.451391226
20191230,20191230,GWA,GWA02,2,0.528,0.331,0.263,133.121,97.28933713,3.5731,1.3683,0.382944782
20191230,20191230,GWA,GWA02,3,0.264,0.269,0.256,127.674,93.85033814,3.2052,1.3604,0.424435293
20191230,20191230,GWA,GWA02,4,0.245,0.245,0.414,107.188,92.76330593,2.5849,1.1555,0.447019227
20191230,20191230,GWA,GWA02,5,0.348,0.258,0.263,98.851,93.10633889,2.3932,1.0617,0.443631957
20191230,20191230,GWA,GWA03,1,0.252,0.278,0.227,99.254,81.86572088,2.4,1.2124,0.505166667
20191230,20191230,GWA,GWA03,2,0.249,0.226,0.231,105.349,98.42941231,2.5209,1.0703,0.42457059
20191230,20191230,GWA,GWA03,3,0.229,0.25,0.266,161.719,86.14446279,4.1355,1.8773,0.453947528
20191230,20191230,GWA,GWA03,4,0.223,0.205,0.232,120.311,91.33151142,2.8357,1.3173,0.464541383
20191230,20191230,GWA,GWA03,5,0.283,0.218,0.224,135.956,79.61351525,3.6663,1.7077,0.465782942
20191230,20191230,GWA,GWA04,1,0.251,0.261,0.246,79.312,117.8659533,1.7167,0.6729,0.391972971
20191230,20191230,GWA,GWA04,2,0.237,0.233,0.242,158.907,124.9956737,3.3355,1.2713,0.381142258
20191230,20191230,GWA,GWA04,3,0.272,0.261,0.252,80.021,116.8189781,1.7957,0.685,0.381466837
20191230,20191230,GWA,GWA04,4,0.312,0.235,0.231,159.748,119.2772344,3.4217,1.3393,0.391413625
20191230,20191230,GWA,GWA04,5,0.265,0.253,0.316,155.241,104.1256959,3.3986,1.4909,0.438680633
20200107,20200107,CWA,CWA01,1,0.403,0.356,0.474,87.815,57.83009549,3.0693,1.5185,0.494738214
20200107,20200107,CWA,CWA01,2,0.38,0.352,0.34,82.495,59.14468024,2.7061,1.3948,0.515428107
20200107,20200107,CWA,CWA01,3,0.388,0.335,0.326,59.308,60.58018386,1.9547,0.979,0.500844119
20200107,20200107,CWA,CWA01,4,0.4,0.383,0.362,108.091,53.89728247,4.3184,2.0055,0.464408114
20200107,20200107,CWA,CWA01,5,0.351,0.331,0.339,123.718,59.28598812,3.7648,2.0868,0.554292393
20200107,20200107,LFI,LFI04,1,0.293,0.346,0.269,33.158,118.5908441,0.58,0.2796,0.482068966
20200107,20200107,LFI,LFI04,2,0.315,0.365,0.342,79.521,115.1810545,1.2932,0.6904,0.533869471
20200107,20200107,LFI,LFI04,3,0.375,0.302,0.307,83.854,149.7125513,1.461,0.5601,0.383367556
20200107,20200107,LFI,LFI04,4,0.288,0.302,0.332,69.047,159.6462428,1.1306,0.4325,0.382540244
20200107,20200107,LFI,LFI04,5,0.309,0.244,0.337,92.88,137.4574515,1.5465,0.6757,0.436922082
20200107,20200107,CWA,CWA02,1,0.289,0.286,0.292,104.636,81.00015482,3.0809,1.2918,0.419293064
20200107,20200107,CWA,CWA02,2,0.3,0.321,0.317,135.171,78.40545244,3.9919,1.724,0.431874546
20200107,20200107,CWA,CWA02,3,0.297,0.297,0.282,100.823,81.20409149,3.0522,1.2416,0.406788546
20200107,20200107,CWA,CWA02,4,0.283,0.288,0.317,98.985,79.24505644,2.9663,1.2491,0.42109699
20200107,20200107,CWA,CWA02,5,0.318,0.318,0.307,136.414,81.08779647,3.913,1.6823,0.429925888
20200107,20200107,CWA,CWA03,1,0.303,0.284,0.295,62.226,84.27139762,1.6548,0.7384,0.446217066
20200107,20200107,CWA,CWA03,2,0.303,0.315,0.324,75.601,68.15198774,2.289,1.1093,0.484622106
20200107,20200107,CWA,CWA03,3,0.324,0.323,0.314,114.823,72.09782745,3.3024,1.5926,0.482255329
20200107,20200107,CWA,CWA03,4,0.343,0.336,0.334,115.292,68.59760814,3.9108,1.6807,0.429758617
20200107,20200107,CWA,CWA03,5,0.329,0.345,0.334,107.531,67.40065187,3.7681,1.5954,0.423396407
20200107,20200107,CWA,CWA04,1,0.337,0.326,0.317,50.928,63.80355801,1.7017,0.7982,0.469060351
20200107,20200107,CWA,CWA04,2,0.322,0.328,0.321,127.49,71.44698498,4.0755,1.7844,0.437835848
20200107,20200107,CWA,CWA04,3,0.352,0.341,0.344,143.163,72.15149682,4.8342,1.9842,0.41045054
20200107,20200107,CWA,CWA04,4,0.346,0.324,0.34,113.493,66.85497172,3.6988,1.6976,0.458959663
20200107,20200107,CWA,CWA04,5,0.35,0.351,0.312,132.216,69.39743859,4.5549,1.9052,0.418274825
20200107,20200107,LEW,LEW02,1,0.146,0.139,0.138,38.248,171.5926424,0.4776,0.2229,0.466708543
20200107,20200107,LEW,LEW02,2,0.149,0.139,0.18,16.413,156.0171103,0.2082,0.1052,0.505283381
20200107,20200107,LEW,LEW02,3,0.18,0.182,0.194,16.535,159.2967245,0.2162,0.1038,0.480111008
20200107,20200107,LEW,LEW02,4,0.147,0.146,0.145,21.68,144.7263017,0.2838,0.1498,0.527836505
20200107,20200107,LEW,LEW02,5,0.149,0.133,0.127,15.262,178.9214537,0.1772,0.0853,0.481376975
20200107,20200107,EST,EST03,1,0.259,0.26,0.3,49.496,113.4448774,0.8879,0.4363,0.491384165
20200107,20200107,EST,EST03,2,0.285,0.212,0.273,31.825,109.514797,0.5939,0.2906,0.489307964
20200107,20200107,EST,EST03,3,0.276,0.262,0.265,46.826,108.8723553,0.8356,0.4301,0.514719962
20200107,20200107,EST,EST03,4,0.263,0.262,0.3,43.657,114.7358739,0.7926,0.3805,0.480065607
20200107,20200107,EST,EST03,5,0.28,0.276,0.292,37.58,108.6441168,0.7167,0.3459,0.482628715
20200107,20200108,LEW,LEW03,1,0.161,0.166,0.16,33.991,124.1000365,0.5112,0.2739,0.535798122
20200107,20200108,LEW,LEW03,2,0.172,0.163,0.161,28.839,123.8256763,0.4381,0.2329,0.531613787
20200107,20200108,LEW,LEW03,3,0.172,0.167,0.159,32.929,122.961165,0.5113,0.2678,0.523762957
20200107,20200108,LEW,LEW03,4,0.168,0.174,0.17,32.213,124.4706337,0.4932,0.2588,0.524736415
20200107,20200108,LEW,LEW03,5,0.185,0.181,0.178,43.299,111.2512847,0.7164,0.3892,0.543271915
20200107,20200108,CTE,CTE02,1,0.227,0.226,0.214,16.486,121.7577548,0.3092,0.1354,0.437904269
20200107,20200108,CTE,CTE02,2,0.227,0.238,0.231,13.051,121.4046512,0.2502,0.1075,0.429656275
20200107,20200108,CTE,CTE02,3,0.222,0.221,0.214,11.107,129.3015134,0.1969,0.0859,0.436262062
20200107,20200108,CTE,CTE02,4,0.228,0.227,0.225,10.484,120.2293578,0.2053,0.0872,0.424744277
20200107,20200108,CTE,CTE02,5,0.222,0.221,0.226,9.309,124.4518717,0.1768,0.0748,0.423076923
20200107,20200108,PTR,PTR01,1,0.192,0.213,0.204,103.102,117.5889599,1.67,0.8768,0.52502994
20200107,20200108,PTR,PTR01,2,0.211,0.178,0.185,78.681,132.2814391,1.1514,0.5948,0.516588501
20200107,20200108,PTR,PTR01,3,0.204,0.221,0.214,52.664,120.4023777,0.8242,0.4374,0.530696433
20200107,20200108,PTR,PTR01,4,0.195,0.207,0.204,95.3,118.282239,1.6018,0.8057,0.502996629
20200107,20200108,PTR,PTR01,5,0.195,0.233,0.201,83.011,118.4179743,1.3967,0.701,0.501897329
20200109,20200109,LLU,LLU04,1,0.205,0.23,0.223,148.642,178.8712395,2.6795,0.831,0.310132487
20200109,20200109,LLU,LLU04,2,0.223,0.212,0.237,126.356,156.7303399,2.483,0.8062,0.324687878
20200109,20200109,LLU,LLU04,3,0.249,0.232,0.228,136.599,170.0896526,2.6861,0.8031,0.298983657
20200109,20200109,LLU,LLU04,4,0.228,0.269,0.217,123.826,155.6385118,2.5543,0.7956,0.311474768
20200109,20200109,LLU,LLU04,5,0.233,0.24,0.239,104.47,167.2055058,1.9703,0.6248,0.31710907
20200109,20200109,LFI,LFI05,1,0.334,0.333,0.283,48.14,107.5994636,0.9882,0.4474,0.45274236
20200109,20200109,LFI,LFI05,2,0.326,0.296,0.3,52.628,108.3103519,1.084,0.4859,0.448247232
20200109,20200109,LFI,LFI05,3,0.307,0.301,0.297,40.908,96.36749117,0.8882,0.4245,0.477932898
20200109,20200109,LFI,LFI05,4,0.303,0.353,0.3,53.928,91.83923706,1.1993,0.5872,0.489618944
20200109,20200109,LFI,LFI05,5,0.324,0.293,0.306,54.178,91.10139566,1.1665,0.5947,0.509815688
20200109,20200109,MPA,MPA02,1,0.231,0.207,0.217,46.332,158.4541724,0.571,0.2924,0.512084063
20200109,20200109,MPA,MPA02,2,0.204,0.208,0.203,27.557,191.3680556,0.2672,0.144,0.538922156
20200109,20200109,MPA,MPA02,3,0.284,0.253,0.242,16.784,158.0414313,0.2252,0.1062,0.471580817
20200109,20200109,MPA,MPA02,4,0.209,0.215,0.208,29.638,177.8991597,0.3227,0.1666,0.51626898
20200109,20200109,MPA,MPA02,5,0.203,0.2,0.208,33.961,193.1797497,0.3264,0.1758,0.538602941
20200109,20200109,EST,EST04,1,0.207,0.21,0.205,37.153,139.2019483,0.5988,0.2669,0.445724783
20200109,20200109,EST,EST04,2,0.189,0.175,0.18,34.678,177.1092952,0.4685,0.1958,0.417929562
20200109,20200109,EST,EST04,3,0.186,0.196,0.196,40.529,161.3415605,0.5889,0.2512,0.426557989
20200109,20200109,EST,EST04,4,0.202,0.214,0.209,44.7,129.9418605,0.7475,0.344,0.460200669
20200109,20200109,EST,EST04,5,0.176,0.183,0.187,24.642,167.8610354,0.3438,0.1468,0.426992437
20200109,20200109,EST,EST05,1,0.209,0.252,0.228,48.027,101.2160169,0.862,0.4745,0.550464037
20200109,20200109,EST,EST05,2,0.259,0.239,0.257,32.271,87.88398693,0.672,0.3672,0.546428571
20200109,20200109,EST,EST05,3,0.261,0.264,0.243,35.739,85.5,0.7724,0.418,0.541170378
20200109,20200109,EST,EST05,4,0.241,0.258,0.263,28.287,95.17833109,0.5714,0.2972,0.520126006
20200109,20200109,EST,EST05,5,0.241,0.263,0.257,31.344,93.09177309,0.6247,0.3367,0.53897871
20200109,20200110,AFA,AFA01,1,0.249,0.338,0.286,55.615,124.781243,1.1271,0.4457,0.395439624
20200109,20200110,AFA,AFA01,1,0.228,0.214,0.218,101.15,197.2119322,1.762,0.5129,0.291089671
20200109,20200110,AFA,AFA01,1,0.265,0.343,0.31,56.483,107.8949379,1.3268,0.5235,0.394558336
20200109,20200110,AFA,AFA01,1,0.281,0.269,0.244,60.345,143.0993597,1.1518,0.4217,0.366122591
20200109,20200110,AFA,AFA01,1,0.253,0.282,0.267,69.031,127.2460829,1.4131,0.5425,0.383907721
20200115,20200115,MPA,MPA03,1,0.228,0.21,0.228,64.509,135.894249,0.9712,0.4747,0.488776771
20200115,20200115,MPA,MPA03,2,0.244,0.241,0.254,29.274,136.858345,0.465,0.2139,0.46
20200115,20200115,MPA,MPA03,3,0.225,0.211,0.217,48.539,145.3263473,0.7096,0.334,0.470687711
20200115,20200115,MPA,MPA03,4,0.234,0.23,0.237,40.684,139.7115385,0.595,0.2912,0.489411765
20200115,20200115,MPA,MPA03,5,0.244,0.222,0.203,35.445,150,0.4918,0.2363,0.48047987
20200121,20200121,MPA,MPA04,1,0.241,0.238,0.25,22.459,164.1739766,0.3051,0.1368,0.448377581
20200121,20200121,MPA,MPA04,2,0.225,0.21,0.209,50.614,176.9101713,0.6396,0.2861,0.447310819
20200121,20200121,MPA,MPA04,3,0.251,0.253,0.256,30.785,165.5997848,0.4592,0.1859,0.404834495
20200121,20200121,MPA,MPA04,4,0.232,0.242,0.224,26.439,164.728972,0.3797,0.1605,0.422702133
20200121,20200121,MPA,MPA04,5,0.23,0.237,0.232,51.781,163.3470032,0.7117,0.317,0.445412393
20200121,20200121,MPA,MPA05,1,0.217,0.213,0.214,66.874,202.8328784,0.8089,0.3297,0.407590555
20200121,20200121,MPA,MPA05,2,0.22,0.209,0.22,44.503,191.8232759,0.5581,0.232,0.415696112
20200121,20200121,MPA,MPA05,3,0.218,0.227,0.214,52.451,175.7741287,0.7275,0.2984,0.410171821
20200121,20200121,MPA,MPA05,4,0.232,0.242,0.218,101.272,162.0611298,1.5067,0.6249,0.414747461
20200121,20200121,MPA,MPA05,5,0.215,0.209,0.207,30.678,189.2535472,0.3902,0.1621,0.415427986
20200204,20200205,MTO,MTO01,1,0.272,0.274,0.302,172.442,70.12402912,5.2304,2.4591,0.470155246
20200204,20200205,MTO,MTO01,2,0.318,0.343,0.317,120.124,75.91253792,3.3749,1.5824,0.468873152
20200204,20200205,MTO,MTO01,3,0.369,0.373,0.317,93.828,74.26038781,2.8092,1.2635,0.449772177
20200204,20200205,MTO,MTO01,4,0.323,0.311,0.318,116.014,67.78498393,3.4518,1.7115,0.495828264
20200204,20200205,MTO,MTO01,5,0.343,0.34,0.271,126.233,89.7944231,3.3,1.4058,0.426
20200204,20200205,MTO,MTO2,1,0.388,0.342,0.287,123.622,104.7022952,3.6016,1.1807,0.327826522
20200204,20200205,MTO,MTO2,2,0.332,0.291,0.281,87.816,96.69235851,2.4436,0.9082,0.371664757
20200204,20200205,MTO,MTO2,3,0.321,0.299,0.302,83.949,103.551252,2.4847,0.8107,0.326276814
20200204,20200205,MTO,MTO2,4,0.306,0.307,0.252,90.148,117.8405229,2.5006,0.765,0.305926578
20200204,20200205,MTO,MTO2,5,0.32,0.285,0.272,100.026,106.6830205,2.5799,0.9376,0.363424939
20200204,20200205,MTO,MT03,1,0.377,0.293,0.263,64.167,86.0493496,1.9018,0.7457,0.392102219
20200204,20200205,MTO,MT03,2,0.364,0.293,0.277,36.979,94.43054137,0.9555,0.3916,0.409837781
20200204,20200205,MTO,MT03,3,0.305,0.334,0.268,70.502,87.96257018,2.1167,0.8015,0.378655454
20200204,20200205,MTO,MT03,4,0.264,0.297,0.286,46.478,103.931127,1.2849,0.4472,0.348042649
20200204,20200205,MTO,MT03,5,0.312,0.281,0.283,93.787,98.38141194,2.4424,0.9533,0.390312807
20200204,20200205,MTO,MTO4,1,0.371,0.332,0.307,62.331,100.2750965,1.8911,0.6216,0.328697583
20200204,20200205,MTO,MTO4,2,0.342,0.392,0.362,60.337,72.02697863,2.0893,0.8377,0.400947686
20200204,20200205,MTO,MTO4,3,0.349,0.359,0.329,106.911,81.62391205,3.5184,1.3098,0.372271487
20200204,20200205,MTO,MTO4,4,0.329,0.331,0.29,107.416,101.3454099,3.2787,1.0599,0.323268369
20200204,20200205,MTO,MTO4,5,0.341,0.322,0.336,159.83,102.6855124,4.8458,1.5565,0.321205993
